fold,regime,condition,model,auc,macro_f1,recall_0,accuracy
0,unseen_reader,text_only,LR,0.5322579015439335,0.46759400998336104,0.4460431654676259,0.5581668625146886
0,unseen_reader,text_only,RF,0.6459916336593645,0.5528909425405382,0.6115107913669064,0.6392479435957696
0,unseen_reader,text_only,XGB,0.6496897987228194,0.5414561864349701,0.6115107913669064,0.6239717978848414
0,unseen_reader,majority,majority,0.5,0.45553422904670504,0.0,0.836662749706228
0,unseen_reader,random,random,0.5026624767601648,0.4998871571420591,0.22302158273381295,0.690951821386604
0,unseen_reader,early,LR,0.5090938485166923,0.4404735195502873,0.5107913669064749,0.5041128084606346
0,unseen_reader,early,RF,0.5260892409667772,0.4548366431774504,0.0,0.8343125734430082
0,unseen_reader,early,XGB,0.5418215989006547,0.5158621369313193,0.2517985611510791,0.7015276145710928
0,unseen_reader,early_bc,LR,0.5122160698407566,0.1404040404040404,1.0,0.16333725029377202
0,unseen_reader,early_bc,RF,0.4808018753536496,0.45553422904670504,0.0,0.836662749706228
0,unseen_reader,early_bc,XGB,0.478220232802522,0.177101219288634,0.9280575539568345,0.18801410105757932
0,unseen_reader,late,LR,0.4910172985207339,0.37148736922867326,0.6187050359712231,0.39482961222091656
0,unseen_reader,late,RF,0.4869705359308059,0.4551856594110115,0.0,0.8354876615746181
0,unseen_reader,late,XGB,0.49967666316385084,0.49465221017514593,0.2158273381294964,0.6862514688601645
0,unseen_reader,late_bc,LR,0.4820952226982459,0.48964276452282157,0.1223021582733813,0.7391304347826086
0,unseen_reader,late_bc,RF,0.516934766793307,0.45553422904670504,0.0,0.836662749706228
0,unseen_reader,late_bc,XGB,0.48908232964190446,0.4575138708535002,0.02877697841726619,0.7779083431257344
0,unseen_reader,combined,LR,0.5269076873332794,0.44744954306588836,0.60431654676259,0.4970622796709753
0,unseen_reader,combined,RF,0.4782353892167165,0.4551856594110115,0.0,0.8354876615746181
0,unseen_reader,combined,XGB,0.5054866219384043,0.5048229121007287,0.16546762589928057,0.7332549941245593
0,unseen_reader,combined_bc,LR,0.5211684584916337,0.1419485306109136,1.0,0.1645123384253819
0,unseen_reader,combined_bc,RF,0.5259528332390268,0.45553422904670504,0.0,0.836662749706228
0,unseen_reader,combined_bc,XGB,0.5150149543286718,0.2945954907161804,0.8345323741007195,0.29494712103407755
0,unseen_reader,combined_ling,LR,0.5461058119796297,0.45533908502086484,0.4892086330935252,0.5299647473560517
0,unseen_reader,combined_ling,RF,0.5435342737046318,0.4551856594110115,0.0,0.8354876615746181
0,unseen_reader,combined_ling,XGB,0.5543003799207824,0.5016530770341776,0.1510791366906475,0.7379553466509988
0,unseen_reader,combined_ling_bc,LR,0.5405585643844475,0.1726413833372025,0.9928057553956835,0.18801410105757932
0,unseen_reader,combined_ling_bc,RF,0.519622504243796,0.45553422904670504,0.0,0.836662749706228
0,unseen_reader,combined_ling_bc,XGB,0.5513246706005981,0.5123641304347827,0.12949640287769784,0.7720329024676851
0,unseen_text,text_only,LR,0.5698197316207185,0.5546674279189266,0.4166666666666667,0.6990740740740741
0,unseen_text,text_only,RF,0.5982958698830411,0.5475156317120901,0.3630952380952381,0.7074074074074074
0,unseen_text,text_only,XGB,0.5566618368838765,0.536060331249105,0.3392857142857143,0.7
0,unseen_text,majority,majority,0.5,0.4578313253012048,0.0,0.8444444444444444
0,unseen_text,random,random,0.5056390977443609,0.501808364321736,0.2261904761904762,0.6981481481481482
0,unseen_text,early,LR,0.5363082184628237,0.48465327775672606,0.3392857142857143,0.6222222222222222
0,unseen_text,early,RF,0.5245568347953217,0.47309496078669144,0.017857142857142856,0.8398148148148148
0,unseen_text,early,XGB,0.5431351817042607,0.5157009368447844,0.2857142857142857,0.6916666666666667
0,unseen_text,early_bc,LR,0.4928532268170426,0.3667354894651367,0.6488095238095238,0.3888888888888889
0,unseen_text,early_bc,RF,0.49062761069340016,0.4578313253012048,0.0,0.8444444444444444
0,unseen_text,early_bc,XGB,0.4859707863408521,0.4199746854798291,0.5476190476190477,0.47314814814814815
0,unseen_text,late,LR,0.5433701441102757,0.47535070593080475,0.5,0.562037037037037
0,unseen_text,late,RF,0.5490320854218881,0.457286432160804,0.0,0.8425925925925926
0,unseen_text,late,XGB,0.5329926378446116,0.5203113671919716,0.22023809523809523,0.7305555555555555
0,unseen_text,late_bc,LR,0.5629307644110276,0.5135285396590067,0.31547619047619047,0.6759259259259259
0,unseen_text,late_bc,RF,0.5726914943609023,0.4578313253012048,0.0,0.8444444444444444
0,unseen_text,late_bc,XGB,0.5426456766917294,0.5129212988765364,0.13690476190476192,0.7722222222222223
0,unseen_text,combined,LR,0.5569653299916457,0.4693906564252234,0.4523809523809524,0.5648148148148148
0,unseen_text,combined,RF,0.5667489035087719,0.4578313253012048,0.0,0.8444444444444444
0,unseen_text,combined,XGB,0.5360732560568087,0.4905250077663871,0.13690476190476192,0.7342592592592593
0,unseen_text,combined_bc,LR,0.5044577589807853,0.3675536025791066,0.6904761904761905,0.3861111111111111
0,unseen_text,combined_bc,RF,0.49708907685881365,0.4578313253012048,0.0,0.8444444444444444
0,unseen_text,combined_bc,XGB,0.47586740288220547,0.45062398263700487,0.38095238095238093,0.5555555555555556
0,unseen_text,combined_ling,LR,0.5924511800334169,0.5431109329258212,0.36904761904761907,0.6990740740740741
0,unseen_text,combined_ling,RF,0.5984296679197996,0.4578313253012048,0.0,0.8444444444444444
0,unseen_text,combined_ling,XGB,0.5613382414369257,0.5323447627030514,0.18452380952380953,0.7694444444444445
0,unseen_text,combined_ling_bc,LR,0.5374765037593985,0.4184790024746359,0.625,0.45925925925925926
0,unseen_text,combined_ling_bc,RF,0.5494400062656642,0.4578313253012048,0.0,0.8444444444444444
0,unseen_text,combined_ling_bc,XGB,0.5238780545112782,0.5080307733837225,0.09523809523809523,0.8
0,unseen_both,text_only,LR,0.6190671031096562,0.5617567187938945,0.38461538461538464,0.675
0,unseen_both,text_only,RF,0.6350245499181668,0.6273291925465838,0.46153846153846156,0.7333333333333333
0,unseen_both,text_only,XGB,0.6031096563011457,0.5807453416149069,0.38461538461538464,0.7
0,unseen_both,majority,majority,0.5,0.4392523364485981,0.0,0.7833333333333333
0,unseen_both,random,random,0.4705400981996727,0.4694736842105263,0.15384615384615385,0.65
0,unseen_both,early,LR,0.5495090016366613,0.4871794871794872,0.5384615384615384,0.5333333333333333
0,unseen_both,early,RF,0.49897708674304414,0.4392523364485981,0.0,0.7833333333333333
0,unseen_both,early,XGB,0.4656301145662848,0.48888888888888893,0.2692307692307692,0.6166666666666667
0,unseen_both,early_bc,LR,0.5441898527004909,0.1780821917808219,1.0,0.21666666666666667
0,unseen_both,early_bc,RF,0.4646072013093289,0.4392523364485981,0.0,0.7833333333333333
0,unseen_both,early_bc,XGB,0.505114566284779,0.1898366606170599,1.0,0.225
0,unseen_both,late,LR,0.4795417348608838,0.3528958610546957,0.6153846153846154,0.35833333333333334
0,unseen_both,late,RF,0.46215220949263497,0.4392523364485981,0.0,0.7833333333333333
0,unseen_both,late,XGB,0.48240589198036005,0.4982078853046595,0.23076923076923078,0.65
0,unseen_both,late_bc,LR,0.5511456628477904,0.49401709401709404,0.15384615384615385,0.6916666666666667
0,unseen_both,late_bc,RF,0.4901800327332242,0.4392523364485981,0.0,0.7833333333333333
0,unseen_both,late_bc,XGB,0.574672667757774,0.43661971830985913,0.0,0.775
0,unseen_both,combined,LR,0.4991816693944354,0.4376757263355201,0.6153846153846154,0.4583333333333333
0,unseen_both,combined,RF,0.4478314238952537,0.4392523364485981,0.0,0.7833333333333333
0,unseen_both,combined,XGB,0.41898527004909986,0.46928746928746934,0.19230769230769232,0.625
0,unseen_both,combined_bc,LR,0.5286415711947626,0.1780821917808219,1.0,0.21666666666666667
0,unseen_both,combined_bc,RF,0.5337561374795418,0.4392523364485981,0.0,0.7833333333333333
0,unseen_both,combined_bc,XGB,0.5403027823240589,0.4201274599061559,0.7692307692307693,0.425
0,unseen_both,combined_ling,LR,0.6137479541734862,0.5373636289065704,0.5,0.6083333333333333
0,unseen_both,combined_ling,RF,0.47667757774140757,0.4392523364485981,0.0,0.7833333333333333
0,unseen_both,combined_ling,XGB,0.48199672667757776,0.43977591036414565,0.11538461538461539,0.625
0,unseen_both,combined_ling_bc,LR,0.5883797054009821,0.21274601686972822,1.0,0.24166666666666667
0,unseen_both,combined_ling_bc,RF,0.4455810147299509,0.4392523364485981,0.0,0.7833333333333333
0,unseen_both,combined_ling_bc,XGB,0.625,0.462880074085507,0.038461538461538464,0.7583333333333333
1,unseen_reader,text_only,LR,0.5721424379466289,0.5105670287124235,0.5,0.5868055555555556
1,unseen_reader,text_only,RF,0.6219793212966479,0.5535768833312753,0.5542168674698795,0.6319444444444444
1,unseen_reader,text_only,XGB,0.6278782752787655,0.54739992095308,0.6024096385542169,0.6134259259259259
1,unseen_reader,majority,majority,0.5,0.4468629961587708,0.0,0.8078703703703703
1,unseen_reader,random,random,0.4955293955190389,0.49549670654657885,0.19879518072289157,0.6782407407407407
1,unseen_reader,early,LR,0.4699313011357752,0.46895208414491624,0.29518072289156627,0.5891203703703703
1,unseen_reader,early,RF,0.43649670314495803,0.44579858883899937,0.0,0.8043981481481481
1,unseen_reader,early,XGB,0.475428936375876,0.5020172910662825,0.20481927710843373,0.6851851851851852
1,unseen_reader,early_bc,LR,0.4715193150826803,0.16116504854368932,1.0,0.19212962962962962
1,unseen_reader,early_bc,RF,0.5022007801981565,0.4468629961587708,0.0,0.8078703703703703
1,unseen_reader,early_bc,XGB,0.468136154934926,0.4511867041310456,0.006024096385542169,0.8032407407407407
1,unseen_reader,late,LR,0.4881330479511168,0.45464370533734355,0.463855421686747,0.5173611111111112
1,unseen_reader,late,RF,0.5126739047882072,0.44650864830237025,0.0,0.8067129629629629
1,unseen_reader,late,XGB,0.49765250112196635,0.4822443181818182,0.15060240963855423,0.6875
1,unseen_reader,late_bc,LR,0.4920426692443125,0.5160113982822868,0.20481927710843373,0.7071759259259259
1,unseen_reader,late_bc,RF,0.4973288569751787,0.4468629961587708,0.0,0.8078703703703703
1,unseen_reader,late_bc,XGB,0.4879949597818207,0.4039224413720199,0.608433734939759,0.42592592592592593
1,unseen_reader,combined,LR,0.5003883729761452,0.4812784469535042,0.45180722891566266,0.5578703703703703
1,unseen_reader,combined,RF,0.45005523526771846,0.4468629961587708,0.0,0.8078703703703703
1,unseen_reader,combined,XGB,0.48819346152518384,0.5006552425348729,0.15060240963855423,0.71875
1,unseen_reader,combined_bc,LR,0.4809438326371388,0.16116504854368932,1.0,0.19212962962962962
1,unseen_reader,combined_bc,RF,0.5060845099596092,0.4468629961587708,0.0,0.8078703703703703
1,unseen_reader,combined_bc,XGB,0.5364854834812028,0.4578492140180529,0.536144578313253,0.5069444444444444
1,unseen_reader,combined_ling,LR,0.5446111091932199,0.47661202956429205,0.40963855421686746,0.5625
1,unseen_reader,combined_ling,RF,0.5239712431387441,0.4468629961587708,0.0,0.8078703703703703
1,unseen_reader,combined_ling,XGB,0.5093295819380674,0.48648178668293124,0.10240963855421686,0.7349537037037037
1,unseen_reader,combined_ling_bc,LR,0.5304484413297891,0.16116504854368932,1.0,0.19212962962962962
1,unseen_reader,combined_ling_bc,RF,0.4966643076604412,0.4468629961587708,0.0,0.8078703703703703
1,unseen_reader,combined_ling_bc,XGB,0.5500310698380916,0.5143972803149109,0.2289156626506024,0.6909722222222222
1,unseen_text,text_only,LR,0.6061746305195393,0.48909675533469743,0.5792682926829268,0.5550978372811535
1,unseen_text,text_only,RF,0.5942061836975246,0.5215690761122425,0.34146341463414637,0.6673532440782698
1,unseen_text,text_only,XGB,0.5798652038564995,0.5207157619067846,0.3780487804878049,0.6529351184346035
1,unseen_text,majority,majority,0.5,0.45388076490438695,0.0,0.831101956745623
1,unseen_text,random,random,0.5075747272342612,0.5062106609748072,0.21341463414634146,0.7023686920700309
1,unseen_text,early,LR,0.5112506422461994,0.4964033643763952,0.36585365853658536,0.6210092687950567
1,unseen_text,early,RF,0.5147149938042132,0.45326576576576577,0.0,0.8290422245108136
1,unseen_text,early,XGB,0.4778538398766888,0.48358555335299525,0.16463414634146342,0.694129763130793
1,unseen_text,early_bc,LR,0.4926103907879227,0.45499964762854006,0.4268292682926829,0.5406797116374872
1,unseen_text,early_bc,RF,0.44666334209810504,0.45326576576576577,0.0,0.8290422245108136
1,unseen_text,early_bc,XGB,0.4737396862816212,0.5023357173038702,0.15853658536585366,0.7301750772399588
1,unseen_text,late,LR,0.5233022032822559,0.4584082755909381,0.4817073170731707,0.5324407826982492
1,unseen_text,late,RF,0.4691684045093239,0.4535734383792909,0.0,0.8300720906282183
1,unseen_text,late,XGB,0.4675023423096685,0.49913752461244076,0.17682926829268292,0.7126673532440783
1,unseen_text,late_bc,LR,0.4985795025236497,0.47192180993225186,0.42073170731707316,0.5674562306900103
1,unseen_text,late_bc,RF,0.46446111765950376,0.4535734383792909,0.0,0.8300720906282183
1,unseen_text,late_bc,XGB,0.5121422310877384,0.4924963450292398,0.17073170731707318,0.7054582904222451
1,unseen_text,combined,LR,0.536472028289056,0.4953789719088568,0.4451219512195122,0.5952626158599382
1,unseen_text,combined,RF,0.45096261371535645,0.45388076490438695,0.0,0.831101956745623
1,unseen_text,combined,XGB,0.49336975247075887,0.5203587583076145,0.17073170731707318,0.7507723995880535
1,unseen_text,combined_bc,LR,0.5019342944358811,0.4619834761737285,0.4817073170731707,0.537590113285273
1,unseen_text,combined_bc,RF,0.5121195635748179,0.45388076490438695,0.0,0.831101956745623
1,unseen_text,combined_bc,XGB,0.47217562789010786,0.48682690773934784,0.1402439024390244,0.7167868177136972
1,unseen_text,combined_ling,LR,0.6105947955390334,0.5217083517264398,0.4817073170731707,0.6230690010298661
1,unseen_text,combined_ling,RF,0.5372465016471726,0.4535734383792909,0.0,0.8300720906282183
1,unseen_text,combined_ling,XGB,0.52396711699459,0.52426508509541,0.15853658536585366,0.7651905252317199
1,unseen_text,combined_ling_bc,LR,0.5801598815244657,0.4961104361191305,0.5609756097560976,0.568486096807415
1,unseen_text,combined_ling_bc,RF,0.5369442681415662,0.45388076490438695,0.0,0.831101956745623
1,unseen_text,combined_ling_bc,XGB,0.5299513404055973,0.5073059256207175,0.17682926829268292,0.7260556127703398
1,unseen_both,text_only,LR,0.7068825910931175,0.46710526315789475,0.6153846153846154,0.5555555555555556
1,unseen_both,text_only,RF,0.7263157894736842,0.5270935960591133,0.38461538461538464,0.7037037037037037
1,unseen_both,text_only,XGB,0.648582995951417,0.5304347826086957,0.46153846153846156,0.6851851851851852
1,unseen_both,majority,majority,0.5,0.46798029556650245,0.0,0.8796296296296297
1,unseen_both,random,random,0.5311740890688259,0.5230978260869565,0.23076923076923078,0.7592592592592593
1,unseen_both,early,LR,0.5182186234817814,0.4910714285714286,0.38461538461538464,0.6481481481481481
1,unseen_both,early,RF,0.6421052631578946,0.46798029556650245,0.0,0.8796296296296297
1,unseen_both,early,XGB,0.6331983805668016,0.5171385991058122,0.23076923076923078,0.75
1,unseen_both,early_bc,LR,0.5384615384615384,0.10743801652892562,1.0,0.12037037037037036
1,unseen_both,early_bc,RF,0.4125506072874494,0.46798029556650245,0.0,0.8796296296296297
1,unseen_both,early_bc,XGB,0.5145748987854251,0.46534653465346537,0.0,0.8703703703703703
1,unseen_both,late,LR,0.5595141700404859,0.4455357142857143,0.38461538461538464,0.5740740740740741
1,unseen_both,late,RF,0.5979757085020243,0.46798029556650245,0.0,0.8796296296296297
1,unseen_both,late,XGB,0.5376518218623482,0.5486322188449848,0.23076923076923078,0.7962962962962963
1,unseen_both,late_bc,LR,0.4882591093117409,0.4915431560592851,0.15384615384615385,0.75
1,unseen_both,late_bc,RF,0.334412955465587,0.46798029556650245,0.0,0.8796296296296297
1,unseen_both,late_bc,XGB,0.4311740890688259,0.3441091282817902,0.46153846153846156,0.39814814814814814
1,unseen_both,combined,LR,0.5441295546558704,0.4999435347261434,0.5384615384615384,0.6203703703703703
1,unseen_both,combined,RF,0.5125506072874494,0.5417256011315417,0.07692307692307693,0.8888888888888888
1,unseen_both,combined,XGB,0.5838056680161944,0.5896656534954408,0.3076923076923077,0.8148148148148148
1,unseen_both,combined_bc,LR,0.5311740890688259,0.10743801652892562,1.0,0.12037037037037036
1,unseen_both,combined_bc,RF,0.43157894736842106,0.46798029556650245,0.0,0.8796296296296297
1,unseen_both,combined_bc,XGB,0.4842105263157894,0.4020398251578436,0.5384615384615384,0.4722222222222222
1,unseen_both,combined_ling,LR,0.631578947368421,0.5055421686746988,0.46153846153846156,0.6481481481481481
1,unseen_both,combined_ling,RF,0.5955465587044535,0.46798029556650245,0.0,0.8796296296296297
1,unseen_both,combined_ling,XGB,0.7004048582995951,0.5978835978835979,0.3076923076923077,0.8240740740740741
1,unseen_both,combined_ling_bc,LR,0.6267206477732794,0.10743801652892562,1.0,0.12037037037037036
1,unseen_both,combined_ling_bc,RF,0.3627530364372469,0.46798029556650245,0.0,0.8796296296296297
1,unseen_both,combined_ling_bc,XGB,0.605668016194332,0.5333797909407665,0.38461538461538464,0.7129629629629629
2,unseen_reader,text_only,LR,0.6246213905902941,0.5315270294735047,0.5903614457831325,0.5975056689342404
2,unseen_reader,text_only,RF,0.6405019519418456,0.5512644901729037,0.5542168674698795,0.6315192743764172
2,unseen_reader,text_only,XGB,0.6475987749882212,0.5437034221564608,0.6024096385542169,0.6111111111111112
2,unseen_reader,majority,majority,0.5,0.44806007509386736,0.0,0.8117913832199547
2,unseen_reader,random,random,0.5217994884566198,0.521208083499889,0.23493975903614459,0.7006802721088435
2,unseen_reader,early,LR,0.48142289829709894,0.4619539411206078,0.29518072289156627,0.5804988662131519
2,unseen_reader,early,RF,0.5089898700949048,0.45204056052288344,0.006024096385542169,0.8061224489795918
2,unseen_reader,early,XGB,0.501001211550111,0.49259646405017404,0.24096385542168675,0.6530612244897959
2,unseen_reader,early_bc,LR,0.4721175203607727,0.15839694656488548,1.0,0.18820861678004536
2,unseen_reader,early_bc,RF,0.49491822036750355,0.44806007509386736,0.0,0.8117913832199547
2,unseen_reader,early_bc,XGB,0.47166318906912563,0.493307290170621,0.27710843373493976,0.63718820861678
2,unseen_reader,late,LR,0.4840142693679747,0.38253638253638256,0.6024096385542169,0.4013605442176871
2,unseen_reader,late,RF,0.5351139193646093,0.4572074650790016,0.012048192771084338,0.8049886621315193
2,unseen_reader,late,XGB,0.49775358416907856,0.486280882082913,0.19879518072289157,0.6655328798185941
2,unseen_reader,late_bc,LR,0.4964999663458302,0.4646370452256535,0.024096385542168676,0.7970521541950113
2,unseen_reader,late_bc,RF,0.5041142222521371,0.44806007509386736,0.0,0.8117913832199547
2,unseen_reader,late_bc,XGB,0.46856279868075656,0.4743926806183616,0.05421686746987952,0.7687074829931972
2,unseen_reader,combined,LR,0.47157064010230865,0.4435156081223183,0.4819277108433735,0.5
2,unseen_reader,combined,RF,0.5154136097462476,0.4477144646211647,0.0,0.8106575963718821
2,unseen_reader,combined,XGB,0.47784714276098805,0.503072026056703,0.20481927710843373,0.6893424036281179
2,unseen_reader,combined_bc,LR,0.4847041798478831,0.15839694656488548,1.0,0.18820861678004536
2,unseen_reader,combined_bc,RF,0.4517188867200646,0.44806007509386736,0.0,0.8117913832199547
2,unseen_reader,combined_bc,XGB,0.5324762738103251,0.5187621606596868,0.13855421686746988,0.7596371882086168
2,unseen_reader,combined_ling,LR,0.5548899508649121,0.47799255309368394,0.5542168674698795,0.5328798185941043
2,unseen_reader,combined_ling,RF,0.5605522649256243,0.4543286626496537,0.006024096385542169,0.8129251700680272
2,unseen_reader,combined_ling,XGB,0.5778000269233358,0.5317203996449279,0.24096385542168675,0.7131519274376418
2,unseen_reader,combined_ling_bc,LR,0.5676028134885912,0.15839694656488548,1.0,0.18820861678004536
2,unseen_reader,combined_ling_bc,RF,0.5214671535303224,0.44806007509386736,0.0,0.8117913832199547
2,unseen_reader,combined_ling_bc,XGB,0.541726963720805,0.4559681370389299,0.012048192771084338,0.8015873015873016
2,unseen_text,text_only,LR,0.6035358859745298,0.524260848722598,0.5563380281690141,0.6037037037037037
2,unseen_text,text_only,RF,0.6348148772876782,0.5680265045684513,0.3591549295774648,0.7209876543209877
2,unseen_text,text_only,XGB,0.5871742430631695,0.5095194281265483,0.4154929577464789,0.6197530864197531
2,unseen_text,majority,majority,0.5,0.4519621109607578,0.0,0.8246913580246914
2,unseen_text,random,random,0.5045858986252847,0.5036604637662464,0.2112676056338028,0.6950617283950618
2,unseen_text,early,LR,0.5677237075145485,0.511855921006884,0.44366197183098594,0.6148148148148148
2,unseen_text,early,RF,0.5332662140507717,0.45047489823609227,0.0,0.8197530864197531
2,unseen_text,early,XGB,0.5189445053554862,0.5161244441073003,0.2605633802816901,0.6888888888888889
2,unseen_text,early_bc,LR,0.5822404486801045,0.31324110671936756,0.8309859154929577,0.3135802469135803
2,unseen_text,early_bc,RF,0.5222231593151724,0.4519621109607578,0.0,0.8246913580246914
2,unseen_text,early_bc,XGB,0.4877603947035506,0.4635809273218603,0.20422535211267606,0.6320987654320988
2,unseen_text,late,LR,0.5571603272328582,0.45016722408026755,0.6126760563380281,0.4925925925925926
2,unseen_text,late,RF,0.5476564476680441,0.45121951219512196,0.0,0.8222222222222222
2,unseen_text,late,XGB,0.5145694526440078,0.5149172473867596,0.2323943661971831,0.7012345679012346
2,unseen_text,late_bc,LR,0.4557961541705322,0.4815217391304348,0.09859154929577464,0.7382716049382716
2,unseen_text,late_bc,RF,0.49521906890444467,0.4519621109607578,0.0,0.8246913580246914
2,unseen_text,late_bc,XGB,0.4544836383570887,0.46875,0.035211267605633804,0.7901234567901234
2,unseen_text,combined,LR,0.5608817576115375,0.49169393050541516,0.5492957746478874,0.5604938271604938
2,unseen_text,combined,RF,0.5431759719996626,0.4515910629654705,0.0,0.8234567901234567
2,unseen_text,combined,XGB,0.5342940878805769,0.5134407932434789,0.176056338028169,0.7320987654320987
2,unseen_text,combined_bc,LR,0.57493463776672,0.3122943185819395,0.8661971830985915,0.31234567901234567
2,unseen_text,combined_bc,RF,0.4698384920300245,0.4519621109607578,0.0,0.8246913580246914
2,unseen_text,combined_bc,XGB,0.4467139664333305,0.4552874107811521,0.02112676056338028,0.782716049382716
2,unseen_text,combined_ling,LR,0.5920447836720925,0.49647589307883166,0.5070422535211268,0.5765432098765432
2,unseen_text,combined_ling,RF,0.599355865733322,0.45084745762711864,0.0,0.8209876543209876
2,unseen_text,combined_ling,XGB,0.6043792696297545,0.583668543845535,0.28169014084507044,0.7728395061728395
2,unseen_text,combined_ling_bc,LR,0.5863624862950156,0.36118989968868903,0.7816901408450704,0.36666666666666664
2,unseen_text,combined_ling_bc,RF,0.49287867926119594,0.4519621109607578,0.0,0.8246913580246914
2,unseen_text,combined_ling_bc,XGB,0.5097937926962975,0.44972826086956524,0.0,0.817283950617284
2,unseen_both,text_only,LR,0.4648919753086419,0.465799886941775,0.4444444444444444,0.5333333333333333
2,unseen_both,text_only,RF,0.5597993827160493,0.5329873980726464,0.2777777777777778,0.6888888888888889
2,unseen_both,text_only,XGB,0.5706018518518519,0.5485636114911081,0.5,0.6333333333333333
2,unseen_both,majority,majority,0.5,0.4444444444444444,0.0,0.8
2,unseen_both,random,random,0.48611111111111116,0.48571428571428577,0.16666666666666666,0.6777777777777778
2,unseen_both,early,LR,0.5354938271604939,0.5373111076491666,0.4444444444444444,0.6333333333333333
2,unseen_both,early,RF,0.41087962962962965,0.48787061994609165,0.05555555555555555,0.7888888888888889
2,unseen_both,early,XGB,0.42438271604938266,0.4472714511317775,0.16666666666666666,0.6111111111111112
2,unseen_both,early_bc,LR,0.5,0.16666666666666666,1.0,0.2
2,unseen_both,early_bc,RF,0.4818672839506173,0.4444444444444444,0.0,0.8
2,unseen_both,early_bc,XGB,0.4610339506172839,0.48,0.1111111111111111,0.7111111111111111
2,unseen_both,late,LR,0.5077160493827161,0.4033656297807241,0.6111111111111112,0.4222222222222222
2,unseen_both,late,RF,0.4803240740740741,0.4409937888198758,0.0,0.7888888888888889
2,unseen_both,late,XGB,0.44212962962962965,0.46790540540540543,0.1111111111111111,0.6888888888888889
2,unseen_both,late_bc,LR,0.5462962962962963,0.4409937888198758,0.0,0.7888888888888889
2,unseen_both,late_bc,RF,0.5104166666666667,0.4444444444444444,0.0,0.8
2,unseen_both,late_bc,XGB,0.5952932098765432,0.4409937888198758,0.0,0.7888888888888889
2,unseen_both,combined,LR,0.5401234567901235,0.4665948275862069,0.5555555555555556,0.5111111111111111
2,unseen_both,combined,RF,0.5320216049382717,0.4444444444444444,0.0,0.8
2,unseen_both,combined,XGB,0.4135802469135802,0.5253682487725041,0.2777777777777778,0.6777777777777778
2,unseen_both,combined_bc,LR,0.5532407407407407,0.16666666666666666,1.0,0.2
2,unseen_both,combined_bc,RF,0.4324845679012346,0.4444444444444444,0.0,0.8
2,unseen_both,combined_bc,XGB,0.5706018518518519,0.4375,0.0,0.7777777777777778
2,unseen_both,combined_ling,LR,0.5030864197530864,0.45564516129032256,0.3888888888888889,0.5333333333333333
2,unseen_both,combined_ling,RF,0.5590277777777777,0.4444444444444444,0.0,0.8
2,unseen_both,combined_ling,XGB,0.5362654320987654,0.56,0.2222222222222222,0.7555555555555555
2,unseen_both,combined_ling_bc,LR,0.5223765432098766,0.16666666666666666,1.0,0.2
2,unseen_both,combined_ling_bc,RF,0.4429012345679012,0.4444444444444444,0.0,0.8
2,unseen_both,combined_ling_bc,XGB,0.59375,0.4444444444444444,0.0,0.8
3,unseen_reader,text_only,LR,0.6329250346260388,0.5211505594980805,0.6,0.5861678004535147
3,unseen_reader,text_only,RF,0.6315659626038782,0.5460995203293608,0.5125,0.6394557823129252
3,unseen_reader,text_only,XGB,0.6281639542936288,0.5309671036359139,0.55,0.6099773242630385
3,unseen_reader,majority,majority,0.5,0.45012468827930174,0.0,0.81859410430839
3,unseen_reader,random,random,0.5120671745152354,0.5116774438950171,0.2125,0.7029478458049887
3,unseen_reader,early,LR,0.5389802631578948,0.48482851580050923,0.5,0.5578231292517006
3,unseen_reader,early,RF,0.546875,0.4543286626496537,0.00625,0.8129251700680272
3,unseen_reader,early,XGB,0.495178324099723,0.5081378056840714,0.21875,0.6938775510204082
3,unseen_reader,early_bc,LR,0.513573407202216,0.15355086372360843,1.0,0.18140589569160998
3,unseen_reader,early_bc,RF,0.4465244113573407,0.45012468827930174,0.0,0.81859410430839
3,unseen_reader,early_bc,XGB,0.4497662742382271,0.4457605710802642,0.33125,0.546485260770975
3,unseen_reader,late,LR,0.5298563019390581,0.44952895380831015,0.55625,0.4977324263038549
3,unseen_reader,late,RF,0.4833492036011081,0.4497816593886463,0.0,0.8174603174603174
3,unseen_reader,late,XGB,0.45321156509695293,0.49745718733783084,0.1875,0.6950113378684807
3,unseen_reader,late_bc,LR,0.509643351800554,0.45012468827930174,0.0,0.81859410430839
3,unseen_reader,late_bc,RF,0.5394260734072023,0.45012468827930174,0.0,0.81859410430839
3,unseen_reader,late_bc,XGB,0.5304709141274238,0.47621963414821766,0.05,0.7811791383219955
3,unseen_reader,combined,LR,0.569165512465374,0.4672924963210423,0.63125,0.5090702947845805
3,unseen_reader,combined,RF,0.49657635041551246,0.4558538949966087,0.00625,0.8174603174603174
3,unseen_reader,combined,XGB,0.511694944598338,0.49520734067897554,0.14375,0.7210884353741497
3,unseen_reader,combined_bc,LR,0.5644563711911357,0.15355086372360843,1.0,0.18140589569160998
3,unseen_reader,combined_bc,RF,0.4385734072022161,0.45012468827930174,0.0,0.81859410430839
3,unseen_reader,combined_bc,XGB,0.494689231301939,0.4562352614787072,0.00625,0.81859410430839
3,unseen_reader,combined_ling,LR,0.6473078254847646,0.5212196460023677,0.66875,0.5736961451247166
3,unseen_reader,combined_ling,RF,0.5780990304709142,0.4497816593886463,0.0,0.8174603174603174
3,unseen_reader,combined_ling,XGB,0.568126731301939,0.5370273164381548,0.20625,0.7448979591836735
3,unseen_reader,combined_ling_bc,LR,0.6304795706371191,0.4619665550763324,0.775,0.48412698412698413
3,unseen_reader,combined_ling_bc,RF,0.5136859418282549,0.45012468827930174,0.0,0.81859410430839
3,unseen_reader,combined_ling_bc,XGB,0.49984418282548476,0.49635627530364373,0.275,0.6473922902494331
3,unseen_text,text_only,LR,0.5625571556341638,0.5216368026877581,0.31125827814569534,0.6666666666666666
3,unseen_text,text_only,RF,0.5568491292244921,0.4995797631392239,0.271523178807947,0.6506172839506172
3,unseen_text,text_only,XGB,0.5860123204936236,0.49607607343199334,0.5562913907284768,0.5580246913580247
3,unseen_text,majority,majority,0.5,0.4486044928522805,0.0,0.8135802469135802
3,unseen_text,random,random,0.509602146539509,0.5093326766806205,0.2119205298013245,0.6962962962962963
3,unseen_text,early,LR,0.5727622627099056,0.5268691588785046,0.4304635761589404,0.6320987654320988
3,unseen_text,early,RF,0.48997578108512796,0.447098976109215,0.0,0.808641975308642
3,unseen_text,early,XGB,0.49628676803103244,0.4884948594052662,0.1986754966887417,0.6703703703703704
3,unseen_text,early_bc,LR,0.5232290546583727,0.47427925381571506,0.4966887417218543,0.5407407407407407
3,unseen_text,early_bc,RF,0.4919052548010733,0.4486044928522805,0.0,0.8135802469135802
3,unseen_text,early_bc,XGB,0.49815594569335436,0.5109401086799759,0.2185430463576159,0.6950617283950618
3,unseen_text,late,LR,0.5389964726808631,0.4473150673777633,0.6158940397350994,0.48271604938271606
3,unseen_text,late,RF,0.48096152106844603,0.4482288828337875,0.0,0.8123456790123457
3,unseen_text,late,XGB,0.4512958626857872,0.4867037724180582,0.15894039735099338,0.6925925925925925
3,unseen_text,late_bc,LR,0.5309670482066949,0.4751058996869053,0.5496688741721855,0.5308641975308642
3,unseen_text,late_bc,RF,0.5412676240340069,0.4482288828337875,0.0,0.8123456790123457
3,unseen_text,late_bc,XGB,0.5185963078716498,0.5256534908417416,0.17880794701986755,0.7419753086419754
3,unseen_text,combined,LR,0.5539699926639802,0.46965070835368833,0.5496688741721855,0.5234567901234568
3,unseen_text,combined,RF,0.471339275844396,0.4482288828337875,0.0,0.8123456790123457
3,unseen_text,combined,XGB,0.473575254499593,0.5221165389232616,0.2119205298013245,0.7160493827160493
3,unseen_text,combined_bc,LR,0.5290878212021023,0.4499275624773633,0.6490066225165563,0.48148148148148145
3,unseen_text,combined_bc,RF,0.5198072536152508,0.4486044928522805,0.0,0.8135802469135802
3,unseen_text,combined_bc,XGB,0.5070395642605192,0.5120913754564063,0.152317880794702,0.7395061728395061
3,unseen_text,combined_ling,LR,0.5635470158478126,0.4870285318441232,0.41721854304635764,0.5790123456790124
3,unseen_text,combined_ling,RF,0.5367253213277191,0.4486044928522805,0.0,0.8135802469135802
3,unseen_text,combined_ling,XGB,0.5261936106281844,0.5088450080409164,0.1390728476821192,0.7444444444444445
3,unseen_text,combined_ling_bc,LR,0.5573968183782372,0.49933145149309166,0.46357615894039733,0.5839506172839506
3,unseen_text,combined_ling_bc,RF,0.5024771628696901,0.4486044928522805,0.0,0.8135802469135802
3,unseen_text,combined_ling_bc,XGB,0.5373584298907637,0.4979032009289358,0.12582781456953643,0.737037037037037
3,unseen_both,text_only,LR,0.6186666666666667,0.5652173913043478,0.4666666666666667,0.6888888888888889
3,unseen_both,text_only,RF,0.5626666666666666,0.4788559396385331,0.26666666666666666,0.6333333333333333
3,unseen_both,text_only,XGB,0.5688888888888888,0.44999999999999996,0.5333333333333333,0.5111111111111111
3,unseen_both,majority,majority,0.5,0.45454545454545453,0.0,0.8333333333333334
3,unseen_both,random,random,0.5533333333333333,0.5518510500108249,0.26666666666666666,0.7444444444444445
3,unseen_both,early,LR,0.5164444444444444,0.4973544973544973,0.5333333333333333,0.5777777777777777
3,unseen_both,early,RF,0.5653333333333334,0.45454545454545453,0.0,0.8333333333333334
3,unseen_both,early,XGB,0.48977777777777776,0.5211822660098522,0.26666666666666666,0.7
3,unseen_both,early_bc,LR,0.568,0.14285714285714285,1.0,0.16666666666666666
3,unseen_both,early_bc,RF,0.4782222222222222,0.45454545454545453,0.0,0.8333333333333334
3,unseen_both,early_bc,XGB,0.5142222222222221,0.5111111111111111,0.4,0.6333333333333333
3,unseen_both,late,LR,0.4577777777777778,0.3772032902467685,0.5333333333333333,0.4111111111111111
3,unseen_both,late,RF,0.6102222222222222,0.45454545454545453,0.0,0.8333333333333334
3,unseen_both,late,XGB,0.6124444444444443,0.5286059629331185,0.26666666666666666,0.7111111111111111
3,unseen_both,late_bc,LR,0.5457777777777777,0.45454545454545453,0.0,0.8333333333333334
3,unseen_both,late_bc,RF,0.5093333333333333,0.45454545454545453,0.0,0.8333333333333334
3,unseen_both,late_bc,XGB,0.4737777777777778,0.5061728395061729,0.06666666666666667,0.8222222222222222
3,unseen_both,combined,LR,0.592888888888889,0.4650640602298244,0.7333333333333333,0.5
3,unseen_both,combined,RF,0.5604444444444444,0.45454545454545453,0.0,0.8333333333333334
3,unseen_both,combined,XGB,0.56,0.5518510500108249,0.26666666666666666,0.7444444444444445
3,unseen_both,combined_bc,LR,0.6124444444444443,0.14285714285714285,1.0,0.16666666666666666
3,unseen_both,combined_bc,RF,0.47733333333333333,0.45454545454545453,0.0,0.8333333333333334
3,unseen_both,combined_bc,XGB,0.46311111111111114,0.4998365478914678,0.06666666666666667,0.8111111111111111
3,unseen_both,combined_ling,LR,0.6026666666666668,0.5250320924261874,0.6666666666666666,0.5888888888888889
3,unseen_both,combined_ling,RF,0.6164444444444445,0.45454545454545453,0.0,0.8333333333333334
3,unseen_both,combined_ling,XGB,0.5582222222222222,0.6193609022556391,0.3333333333333333,0.8
3,unseen_both,combined_ling_bc,LR,0.6426666666666667,0.4650640602298244,0.7333333333333333,0.5
3,unseen_both,combined_ling_bc,RF,0.5035555555555555,0.45454545454545453,0.0,0.8333333333333334
3,unseen_both,combined_ling_bc,XGB,0.4826666666666667,0.5111111111111111,0.4,0.6333333333333333
4,unseen_reader,text_only,LR,0.5422268907563025,0.4888926768983508,0.49411764705882355,0.5563218390804597
4,unseen_reader,text_only,RF,0.6077815126050421,0.5494254221388368,0.5117647058823529,0.6344827586206897
4,unseen_reader,text_only,XGB,0.6086638655462184,0.5400108203816644,0.5882352941176471,0.6045977011494252
4,unseen_reader,majority,majority,0.5,0.445859872611465,0.0,0.8045977011494253
4,unseen_reader,random,random,0.5084873949579831,0.5085607432945713,0.19411764705882353,0.7
4,unseen_reader,early,LR,0.5569411764705883,0.5190242363931984,0.32941176470588235,0.6494252873563219
4,unseen_reader,early,RF,0.5221638655462184,0.445859872611465,0.0,0.8045977011494253
4,unseen_reader,early,XGB,0.48738655462184877,0.5087043237149728,0.20588235294117646,0.6931034482758621
4,unseen_reader,early_bc,LR,0.5367647058823529,0.16346153846153846,1.0,0.19540229885057472
4,unseen_reader,early_bc,RF,0.508344537815126,0.445859872611465,0.0,0.8045977011494253
4,unseen_reader,early_bc,XGB,0.5508403361344538,0.5170067157019508,0.1411764705882353,0.7505747126436781
4,unseen_reader,late,LR,0.5354117647058825,0.4908405820339119,0.4117647058823529,0.5804597701149425
4,unseen_reader,late,RF,0.49549159663865544,0.45121748785463184,0.0058823529411764705,0.803448275862069
4,unseen_reader,late,XGB,0.5268403361344538,0.49449673788535287,0.13529411764705881,0.7183908045977011
4,unseen_reader,late_bc,LR,0.5177226890756302,0.4444444444444444,0.0,0.8
4,unseen_reader,late_bc,RF,0.5266134453781512,0.445859872611465,0.0,0.8045977011494253
4,unseen_reader,late_bc,XGB,0.5257268907563025,0.48664915124750774,0.45294117647058824,0.5632183908045977
4,unseen_reader,combined,LR,0.5771512605042017,0.5018174575511627,0.4823529411764706,0.5770114942528736
4,unseen_reader,combined,RF,0.511718487394958,0.445859872611465,0.0,0.8045977011494253
4,unseen_reader,combined,XGB,0.5113865546218488,0.4908050510049008,0.11176470588235295,0.732183908045977
4,unseen_reader,combined_bc,LR,0.5653865546218487,0.205292089513401,0.9823529411764705,0.22528735632183908
4,unseen_reader,combined_bc,RF,0.5204411764705882,0.445859872611465,0.0,0.8045977011494253
4,unseen_reader,combined_bc,XGB,0.46172268907563024,0.46234295415959253,0.023529411764705882,0.7908045977011494
4,unseen_reader,combined_ling,LR,0.5946638655462185,0.5236204288982821,0.5352941176470588,0.5942528735632184
4,unseen_reader,combined_ling,RF,0.5491092436974789,0.445859872611465,0.0,0.8045977011494253
4,unseen_reader,combined_ling,XGB,0.5352857142857143,0.5290771486777746,0.17058823529411765,0.7471264367816092
4,unseen_reader,combined_ling_bc,LR,0.583890756302521,0.5227551970214086,0.1588235294117647,0.7459770114942529
4,unseen_reader,combined_ling_bc,RF,0.48467226890756304,0.445859872611465,0.0,0.8045977011494253
4,unseen_reader,combined_ling_bc,XGB,0.5339999999999999,0.46093224057259413,0.023529411764705882,0.7873563218390804
4,unseen_text,text_only,LR,0.5560969117809358,0.35537614286478103,0.8144796380090498,0.3562091503267974
4,unseen_text,text_only,RF,0.6128624940760986,0.5498688876413278,0.45248868778280543,0.6241830065359477
4,unseen_text,text_only,XGB,0.6060849016794667,0.5278126458776311,0.6742081447963801,0.5522875816993464
4,unseen_text,majority,majority,0.5,0.43157894736842106,0.0,0.7592592592592593
4,unseen_text,random,random,0.4880807857852334,0.4836756220586201,0.1583710407239819,0.659041394335512
4,unseen_text,early,LR,0.5282756740263703,0.4932783418335328,0.4298642533936652,0.5544662309368191
4,unseen_text,early,RF,0.5387796438518018,0.4301675977653631,0.0,0.7549019607843137
4,unseen_text,early,XGB,0.513941455624298,0.5311841685285669,0.23076923076923078,0.6862745098039216
4,unseen_text,early_bc,LR,0.5455117926212534,0.5004275829899713,0.5656108597285068,0.5348583877995643
4,unseen_text,early_bc,RF,0.49676701052344563,0.43157894736842106,0.0,0.7592592592592593
4,unseen_text,early_bc,XGB,0.45148892798483486,0.47901243493348755,0.1493212669683258,0.6579520697167756
4,unseen_text,late,LR,0.5353324201328252,0.4975765048590538,0.5701357466063348,0.5305010893246187
4,unseen_text,late,RF,0.5454501191272227,0.4453631284916201,0.013574660633484163,0.761437908496732
4,unseen_text,late,XGB,0.5312035420061414,0.4990380227782796,0.16289592760180996,0.6808278867102396
4,unseen_text,late_bc,LR,0.513941455624298,0.4718200033310285,0.5384615384615384,0.5032679738562091
4,unseen_text,late_bc,RF,0.4849938651103306,0.43087414755114695,0.0,0.7570806100217865
4,unseen_text,late_bc,XGB,0.46427481708940055,0.4643003710828936,0.1493212669683258,0.6328976034858388
4,unseen_text,combined,LR,0.5264838967261113,0.4874581416355457,0.5339366515837104,0.5239651416122004
4,unseen_text,combined,RF,0.5418470886864843,0.43597841528611425,0.004524886877828055,0.7592592592592593
4,unseen_text,combined,XGB,0.5360465342742329,0.5113083914605792,0.1583710407239819,0.7037037037037037
4,unseen_text,combined_bc,LR,0.5086050754039615,0.4612596685082873,0.6153846153846154,0.4793028322440087
4,unseen_text,combined_bc,RF,0.4943552523095101,0.43157894736842106,0.0,0.7592592592592593
4,unseen_text,combined_bc,XGB,0.4656511097982952,0.4809491673810349,0.1085972850678733,0.696078431372549
4,unseen_text,combined_ling,LR,0.5559833027129846,0.41589598929427957,0.7104072398190046,0.41938997821350765
4,unseen_text,combined_ling,RF,0.5608198030343358,0.43597841528611425,0.004524886877828055,0.7592592592592593
4,unseen_text,combined_ling,XGB,0.5698241331628116,0.5477703493071868,0.2171945701357466,0.7178649237472767
4,unseen_text,combined_ling_bc,LR,0.5271525672403383,0.4245440265922442,0.669683257918552,0.43137254901960786
4,unseen_text,combined_ling_bc,RF,0.48559112421041695,0.43157894736842106,0.0,0.7592592592592593
4,unseen_text,combined_ling_bc,XGB,0.48231918305342225,0.4923408726428137,0.13122171945701358,0.6949891067538126
4,unseen_both,text_only,LR,0.6137820512820513,0.37230769230769234,0.8333333333333334,0.37254901960784315
4,unseen_both,text_only,RF,0.5133547008547008,0.5041666666666667,0.375,0.5882352941176471
4,unseen_both,text_only,XGB,0.5400641025641025,0.4967105263157895,0.5833333333333334,0.5294117647058824
4,unseen_both,majority,majority,0.5,0.43333333333333335,0.0,0.7647058823529411
4,unseen_both,random,random,0.6217948717948718,0.6354312354312355,0.3333333333333333,0.7745098039215687
4,unseen_both,early,LR,0.6752136752136753,0.6474074074074074,0.5416666666666666,0.7254901960784313
4,unseen_both,early,RF,0.5264423076923077,0.43333333333333335,0.0,0.7647058823529411
4,unseen_both,early,XGB,0.5357905982905983,0.5363636363636364,0.25,0.6862745098039216
4,unseen_both,early_bc,LR,0.6100427350427351,0.19047619047619047,1.0,0.23529411764705882
4,unseen_both,early_bc,RF,0.5552884615384616,0.43333333333333335,0.0,0.7647058823529411
4,unseen_both,early_bc,XGB,0.45699786324786323,0.41788205453392513,0.041666666666666664,0.6470588235294118
4,unseen_both,late,LR,0.701923076923077,0.6274488101826232,0.6666666666666666,0.6764705882352942
4,unseen_both,late,RF,0.4847756410256411,0.43333333333333335,0.0,0.7647058823529411
4,unseen_both,late,XGB,0.6330128205128205,0.5344040574809805,0.16666666666666666,0.7352941176470589
4,unseen_both,late_bc,LR,0.6314102564102564,0.423728813559322,0.0,0.7352941176470589
4,unseen_both,late_bc,RF,0.5678418803418803,0.43333333333333335,0.0,0.7647058823529411
4,unseen_both,late_bc,XGB,0.49786324786324787,0.5122661122661123,0.5833333333333334,0.5490196078431373
4,unseen_both,combined,LR,0.6442307692307693,0.5546777546777547,0.6666666666666666,0.5882352941176471
4,unseen_both,combined,RF,0.4933226495726496,0.43333333333333335,0.0,0.7647058823529411
4,unseen_both,combined,XGB,0.5592948717948718,0.5181686046511628,0.125,0.7450980392156863
4,unseen_both,combined_bc,LR,0.5860042735042735,0.23215898825654924,1.0,0.2647058823529412
4,unseen_both,combined_bc,RF,0.530715811965812,0.43333333333333335,0.0,0.7647058823529411
4,unseen_both,combined_bc,XGB,0.5186965811965812,0.5552325581395349,0.16666666666666666,0.7647058823529411
4,unseen_both,combined_ling,LR,0.658653846153846,0.43679163034001744,0.75,0.4411764705882353
4,unseen_both,combined_ling,RF,0.5424679487179488,0.43333333333333335,0.0,0.7647058823529411
4,unseen_both,combined_ling,XGB,0.6810897435897436,0.5873118627609646,0.25,0.7549019607843137
4,unseen_both,combined_ling_bc,LR,0.5678418803418803,0.5163398692810457,0.2916666666666667,0.6372549019607843
4,unseen_both,combined_ling_bc,RF,0.4572649572649573,0.43333333333333335,0.0,0.7647058823529411
4,unseen_both,combined_ling_bc,XGB,0.6169871794871795,0.5952380952380952,0.25,0.7647058823529411
5,unseen_reader,text_only,LR,0.5786740558292283,0.49551442840033444,0.5773809523809523,0.5520716685330347
5,unseen_reader,text_only,RF,0.6592446633825944,0.5735986346777076,0.5892857142857143,0.6528555431131019
5,unseen_reader,text_only,XGB,0.6431896551724138,0.541630897456307,0.5773809523809523,0.6136618141097424
5,unseen_reader,majority,majority,0.5,0.4480840543881335,0.0,0.8118701007838746
5,unseen_reader,random,random,0.5003201970443351,0.5002420911646157,0.17857142857142858,0.7010078387458006
5,unseen_reader,early,LR,0.5623070607553367,0.5238981198248001,0.4523809523809524,0.620380739081747
5,unseen_reader,early,RF,0.5017733990147782,0.4480840543881335,0.0,0.8118701007838746
5,unseen_reader,early,XGB,0.4748604269293925,0.5046810656357676,0.18452380952380953,0.7043673012318029
5,unseen_reader,early_bc,LR,0.5456403940886699,0.1583411875589067,1.0,0.1881298992161254
5,unseen_reader,early_bc,RF,0.44525862068965516,0.4480840543881335,0.0,0.8118701007838746
5,unseen_reader,early_bc,XGB,0.4473275862068966,0.3577849694354549,0.5833333333333334,0.3729003359462486
5,unseen_reader,late,LR,0.5877175697865353,0.4946661287973017,0.5952380952380952,0.5475923852183651
5,unseen_reader,late,RF,0.5229802955665024,0.4539021549213745,0.005952380952380952,0.8118701007838746
5,unseen_reader,late,XGB,0.5148604269293925,0.5109874580462817,0.17261904761904762,0.7222844344904815
5,unseen_reader,late_bc,LR,0.5922742200328407,0.48590162097906014,0.05357142857142857,0.7928331466965286
5,unseen_reader,late_bc,RF,0.544659277504105,0.4480840543881335,0.0,0.8118701007838746
5,unseen_reader,late_bc,XGB,0.5201149425287356,0.4983251655811408,0.3630952380952381,0.6114221724524076
5,unseen_reader,combined,LR,0.5938505747126437,0.5170820313831119,0.5297619047619048,0.5912653975363942
5,unseen_reader,combined,RF,0.5307389162561577,0.4480840543881335,0.0,0.8118701007838746
5,unseen_reader,combined,XGB,0.5188998357963875,0.523424293932747,0.16666666666666666,0.7458006718924972
5,unseen_reader,combined_bc,LR,0.5720032840722497,0.4193877028618236,0.7678571428571429,0.4311310190369541
5,unseen_reader,combined_bc,RF,0.5018267651888342,0.4480840543881335,0.0,0.8118701007838746
5,unseen_reader,combined_bc,XGB,0.528735632183908,0.4997080453239908,0.20833333333333334,0.6819708846584547
5,unseen_reader,combined_ling,LR,0.6149343185550082,0.5222710673830624,0.5773809523809523,0.5879059350503919
5,unseen_reader,combined_ling,RF,0.5916666666666667,0.44774273345701915,0.0,0.8107502799552072
5,unseen_reader,combined_ling,XGB,0.6067241379310344,0.5338848686386994,0.16666666666666666,0.761478163493841
5,unseen_reader,combined_ling_bc,LR,0.5861083743842365,0.47901497203822785,0.041666666666666664,0.7973124300111982
5,unseen_reader,combined_ling_bc,RF,0.4911453201970444,0.4480840543881335,0.0,0.8118701007838746
5,unseen_reader,combined_ling_bc,XGB,0.555016420361248,0.4853313006618577,0.05357142857142857,0.7917133258678611
5,unseen_text,text_only,LR,0.5384528974823427,0.4787380469429151,0.6016260162601627,0.5327635327635327
5,unseen_text,text_only,RF,0.4784672199053597,0.47423906705539354,0.34959349593495936,0.5883190883190883
5,unseen_text,text_only,XGB,0.5238496426415041,0.4641072618254497,0.5121951219512195,0.5299145299145299
5,unseen_text,majority,majority,0.5,0.4519906323185012,0.0,0.8247863247863247
5,unseen_text,random,random,0.5152702304225114,0.5151663132045987,0.2032520325203252,0.717948717948718
5,unseen_text,early,LR,0.513248241290703,0.4802389705882353,0.3821138211382114,0.5868945868945868
5,unseen_text,early,RF,0.5153615007652667,0.4519906323185012,0.0,0.8247863247863247
5,unseen_text,early,XGB,0.5228386480755999,0.49841509041779253,0.21138211382113822,0.6866096866096866
5,unseen_text,early_bc,LR,0.5037701672353512,0.3994686704725222,0.5609756097560976,0.43304843304843305
5,unseen_text,early_bc,RF,0.4874889422469354,0.46040826612903224,0.008130081300813009,0.8262108262108262
5,unseen_text,early_bc,XGB,0.5082002892567785,0.47178642525357856,0.21951219512195122,0.6381766381766382
5,unseen_text,late,LR,0.515705519749498,0.43155105145633454,0.5203252032520326,0.4829059829059829
5,unseen_text,late,RF,0.4420433323504219,0.4515625,0.0,0.8233618233618234
5,unseen_text,late,XGB,0.5254925088110985,0.5188383267382702,0.2032520325203252,0.7236467236467237
5,unseen_text,late_bc,LR,0.49419380204164737,0.4368374681196383,0.43902439024390244,0.5071225071225072
5,unseen_text,late_bc,RF,0.519096564022635,0.4519906323185012,0.0,0.8247863247863247
5,unseen_text,late_bc,XGB,0.5284272013704593,0.5234962406015038,0.18699186991869918,0.7407407407407407
5,unseen_text,combined,LR,0.5259558813204712,0.44973136279391834,0.5040650406504065,0.5113960113960114
5,unseen_text,combined,RF,0.4509948467360321,0.4519906323185012,0.0,0.8247863247863247
5,unseen_text,combined,XGB,0.49029023968996166,0.5157967747529044,0.16260162601626016,0.7450142450142451
5,unseen_text,combined_bc,LR,0.5335242989735597,0.42406521353889776,0.5609756097560976,0.4658119658119658
5,unseen_text,combined_bc,RF,0.5141820071050451,0.4519906323185012,0.0,0.8247863247863247
5,unseen_text,combined_bc,XGB,0.5137958633472345,0.48410258142992296,0.08943089430894309,0.7521367521367521
5,unseen_text,combined_ling,LR,0.5300841091312467,0.43666666666666665,0.5691056910569106,0.48148148148148145
5,unseen_text,combined_ling,RF,0.4877557324796046,0.4519906323185012,0.0,0.8247863247863247
5,unseen_text,combined_ling,XGB,0.45284131597792665,0.48476089588377724,0.12195121951219512,0.7236467236467237
5,unseen_text,combined_ling_bc,LR,0.5267702936096718,0.4603805009288322,0.5284552845528455,0.5213675213675214
5,unseen_text,combined_ling_bc,RF,0.4968406419815493,0.4519906323185012,0.0,0.8247863247863247
5,unseen_text,combined_ling_bc,XGB,0.478382970358201,0.5063859877722735,0.13821138211382114,0.7478632478632479
5,unseen_both,text_only,LR,0.6681034482758622,0.57150451887294,0.65,0.6025641025641025
5,unseen_both,text_only,RF,0.5810344827586207,0.5251623376623377,0.35,0.6153846153846154
5,unseen_both,text_only,XGB,0.6793103448275862,0.5570617329181169,0.55,0.6025641025641025
5,unseen_both,majority,majority,0.5,0.4264705882352941,0.0,0.7435897435897436
5,unseen_both,random,random,0.4551724137931034,0.442719881744272,0.1,0.6282051282051282
5,unseen_both,early,LR,0.49396551724137927,0.5125,0.6,0.5384615384615384
5,unseen_both,early,RF,0.5353448275862069,0.4264705882352941,0.0,0.7435897435897436
5,unseen_both,early,XGB,0.5086206896551724,0.442719881744272,0.1,0.6282051282051282
5,unseen_both,early_bc,LR,0.5465517241379311,0.20408163265306123,1.0,0.2564102564102564
5,unseen_both,early_bc,RF,0.47327586206896555,0.4264705882352941,0.0,0.7435897435897436
5,unseen_both,early_bc,XGB,0.41206896551724137,0.390625,0.45,0.41025641025641024
5,unseen_both,late,LR,0.4525862068965517,0.43355119825708055,0.35,0.48717948717948717
5,unseen_both,late,RF,0.5487068965517241,0.4264705882352941,0.0,0.7435897435897436
5,unseen_both,late,XGB,0.46896551724137925,0.45833333333333337,0.05,0.717948717948718
5,unseen_both,late_bc,LR,0.5025862068965518,0.41353383458646614,0.0,0.7051282051282052
5,unseen_both,late_bc,RF,0.4612068965517241,0.4264705882352941,0.0,0.7435897435897436
5,unseen_both,late_bc,XGB,0.4939655172413794,0.5042735042735043,0.25,0.6282051282051282
5,unseen_both,combined,LR,0.47586206896551725,0.4885699096225412,0.5,0.5256410256410257
5,unseen_both,combined,RF,0.4362068965517242,0.4264705882352941,0.0,0.7435897435897436
5,unseen_both,combined,XGB,0.5344827586206896,0.48492678725236865,0.1,0.7051282051282052
5,unseen_both,combined_bc,LR,0.528448275862069,0.47009113504556754,0.75,0.47435897435897434
5,unseen_both,combined_bc,RF,0.45474137931034486,0.4264705882352941,0.0,0.7435897435897436
5,unseen_both,combined_bc,XGB,0.4564655172413793,0.4889112903225806,0.15,0.6666666666666666
5,unseen_both,combined_ling,LR,0.5620689655172414,0.5395833333333333,0.65,0.5641025641025641
5,unseen_both,combined_ling,RF,0.4896551724137931,0.4264705882352941,0.0,0.7435897435897436
5,unseen_both,combined_ling,XGB,0.3870689655172414,0.4341517857142857,0.05,0.6666666666666666
5,unseen_both,combined_ling_bc,LR,0.5948275862068967,0.46453089244851253,0.05,0.7307692307692307
5,unseen_both,combined_ling_bc,RF,0.5474137931034483,0.4264705882352941,0.0,0.7435897435897436
5,unseen_both,combined_ling_bc,XGB,0.4758620689655172,0.47724867724867726,0.05,0.7564102564102564
6,unseen_reader,text_only,LR,0.5995096831615503,0.5213223452515087,0.553072625698324,0.5827664399092971
6,unseen_reader,text_only,RF,0.6676414726988089,0.5716980544747081,0.5642458100558659,0.6462585034013606
6,unseen_reader,text_only,XGB,0.663290606101544,0.5666934952806029,0.6256983240223464,0.626984126984127
6,unseen_reader,majority,majority,0.5,0.44353312302839115,0.0,0.7970521541950113
6,unseen_reader,random,random,0.4906267631936553,0.489920687376074,0.16759776536312848,0.6825396825396826
6,unseen_reader,early,LR,0.49735769288841913,0.5125776484414348,0.3128491620111732,0.6417233560090703
6,unseen_reader,early,RF,0.4997735165332931,0.4424778761061947,0.0,0.7936507936507936
6,unseen_reader,early,XGB,0.46564206076114334,0.49534715544712604,0.19553072625698323,0.673469387755102
6,unseen_reader,early_bc,LR,0.5539785595651517,0.16870876531573986,1.0,0.20294784580498867
6,unseen_reader,early_bc,RF,0.5090633120624298,0.44353312302839115,0.0,0.7970521541950113
6,unseen_reader,early_bc,XGB,0.5497866287339971,0.33205443873713447,0.8547486033519553,0.3321995464852608
6,unseen_reader,late,LR,0.5568552969317451,0.4573350334359705,0.547486033519553,0.4988662131519274
6,unseen_reader,late,RF,0.523180781487162,0.4431818181818182,0.0,0.7959183673469388
6,unseen_reader,late,XGB,0.5098897780462026,0.4931678371168817,0.18435754189944134,0.6768707482993197
6,unseen_reader,late_bc,LR,0.5563943832100257,0.48543541859775186,0.5586592178770949,0.5340136054421769
6,unseen_reader,late_bc,RF,0.5610432543687468,0.44353312302839115,0.0,0.7970521541950113
6,unseen_reader,late_bc,XGB,0.5346201832529384,0.4431818181818182,0.0,0.7959183673469388
6,unseen_reader,combined,LR,0.556243394232221,0.48832581723707813,0.48044692737430167,0.5544217687074829
6,unseen_reader,combined,RF,0.5387286728068851,0.44353312302839115,0.0,0.7970521541950113
6,unseen_reader,combined,XGB,0.5104063192860605,0.49577207607703266,0.16201117318435754,0.6961451247165533
6,unseen_reader,combined_bc,LR,0.5800440252072125,0.16870876531573986,1.0,0.20294784580498867
6,unseen_reader,combined_bc,RF,0.5001986697076377,0.44353312302839115,0.0,0.7970521541950113
6,unseen_reader,combined_bc,XGB,0.5624458625046688,0.4474573370076853,0.00558659217877095,0.7925170068027211
6,unseen_reader,combined_ling,LR,0.6043055699039233,0.5149621085104956,0.5195530726256983,0.5816326530612245
6,unseen_reader,combined_ling,RF,0.5941177872962642,0.44353312302839115,0.0,0.7970521541950113
6,unseen_reader,combined_ling,XGB,0.6090100685807831,0.5670283989430036,0.27932960893854747,0.7335600907029478
6,unseen_reader,combined_ling_bc,LR,0.6201435189967974,0.16870876531573986,1.0,0.20294784580498867
6,unseen_reader,combined_ling_bc,RF,0.533579153984917,0.44353312302839115,0.0,0.7970521541950113
6,unseen_reader,combined_ling_bc,XGB,0.5762255934264167,0.44212523719165087,0.0,0.7925170068027211
6,unseen_text,text_only,LR,0.5057936109082978,0.43698277031610366,0.4662576687116564,0.4876543209876543
6,unseen_text,text_only,RF,0.5353685248575304,0.5207840807840808,0.2331288343558282,0.6925925925925925
6,unseen_text,text_only,XGB,0.5300300585050398,0.49958577328733966,0.3128834355828221,0.6234567901234568
6,unseen_text,majority,majority,0.5,0.44406314344543585,0.0,0.7987654320987654
6,unseen_text,random,random,0.49544855444192637,0.4951001121999751,0.17791411042944785,0.6851851851851852
6,unseen_text,early,LR,0.5205052104569462,0.4989452814761766,0.3496932515337423,0.608641975308642
6,unseen_text,early,RF,0.5300727283071467,0.4504656928437416,0.006134969325153374,0.8
6,unseen_text,early,XGB,0.5446847649842121,0.5100308641975309,0.2147239263803681,0.6864197530864198
6,unseen_text,early_bc,LR,0.47986459449464736,0.4260323486582068,0.5276073619631901,0.4617283950617284
6,unseen_text,early_bc,RF,0.4902807672978637,0.44406314344543585,0.0,0.7987654320987654
6,unseen_text,early_bc,XGB,0.47946634300831587,0.470192964929807,0.22699386503067484,0.6160493827160494
6,unseen_text,late,LR,0.5158873896511507,0.4439859007461489,0.5153374233128835,0.4876543209876543
6,unseen_text,late,RF,0.5238287139321646,0.44368131868131866,0.0,0.7975308641975308
6,unseen_text,late,XGB,0.5192535629284759,0.49272727272727274,0.15950920245398773,0.6938271604938272
6,unseen_text,late_bc,LR,0.4963351381079262,0.44412780756749215,0.5030674846625767,0.4901234567901235
6,unseen_text,late_bc,RF,0.5400669441784166,0.4504656928437416,0.006134969325153374,0.8
6,unseen_text,late_bc,XGB,0.5346004684196053,0.4861940298507463,0.12883435582822086,0.7061728395061728
6,unseen_text,combined,LR,0.5330027213851566,0.4786101778928237,0.49693251533742333,0.5382716049382716
6,unseen_text,combined,RF,0.4820786831150852,0.44406314344543585,0.0,0.7987654320987654
6,unseen_text,combined,XGB,0.47757938953736456,0.49629566093771776,0.1411042944785276,0.7135802469135802
6,unseen_text,combined_bc,LR,0.4730848370487668,0.41681834728795053,0.5214723926380368,0.4506172839506173
6,unseen_text,combined_bc,RF,0.4896596846227515,0.44406314344543585,0.0,0.7987654320987654
6,unseen_text,combined_bc,XGB,0.5339604213880014,0.4848006814405519,0.11042944785276074,0.7197530864197531
6,unseen_text,combined_ling,LR,0.5340173144574771,0.4578139568604904,0.49693251533742333,0.5098765432098765
6,unseen_text,combined_ling,RF,0.5428878922065976,0.44406314344543585,0.0,0.7987654320987654
6,unseen_text,combined_ling,XGB,0.5009671821810906,0.47378574123614536,0.09202453987730061,0.717283950617284
6,unseen_text,combined_ling_bc,LR,0.48538322223381153,0.4163728946337642,0.5337423312883436,0.44814814814814813
6,unseen_text,combined_ling_bc,RF,0.5254501664122282,0.44406314344543585,0.0,0.7987654320987654
6,unseen_text,combined_ling_bc,XGB,0.5480414560832915,0.5000822909809085,0.1165644171779141,0.7407407407407407
6,unseen_both,text_only,LR,0.49178571428571427,0.49760765550239233,0.6,0.5333333333333333
6,unseen_both,text_only,RF,0.5539285714285714,0.4329132690882135,0.1,0.6222222222222222
6,unseen_both,text_only,XGB,0.4932142857142857,0.41596365996106427,0.15,0.5555555555555556
6,unseen_both,majority,majority,0.5,0.4375,0.0,0.7777777777777778
6,unseen_both,random,random,0.5857142857142857,0.5921182266009852,0.3,0.7444444444444445
6,unseen_both,early,LR,0.5485714285714286,0.5569512816160245,0.35,0.6777777777777778
6,unseen_both,early,RF,0.57,0.4375,0.0,0.7777777777777778
6,unseen_both,early,XGB,0.43785714285714283,0.48863636363636365,0.25,0.6222222222222222
6,unseen_both,early_bc,LR,0.6457142857142857,0.18181818181818182,1.0,0.2222222222222222
6,unseen_both,early_bc,RF,0.5321428571428571,0.4375,0.0,0.7777777777777778
6,unseen_both,early_bc,XGB,0.3857142857142857,0.2342857142857143,0.95,0.25555555555555554
6,unseen_both,late,LR,0.5871428571428572,0.5635775862068966,0.7,0.6
6,unseen_both,late,RF,0.5732142857142858,0.4375,0.0,0.7777777777777778
6,unseen_both,late,XGB,0.5957142857142858,0.5253682487725041,0.25,0.6777777777777778
6,unseen_both,late_bc,LR,0.5785714285714286,0.5238095238095237,0.6,0.5666666666666667
6,unseen_both,late_bc,RF,0.4839285714285715,0.4375,0.0,0.7777777777777778
6,unseen_both,late_bc,XGB,0.5850000000000001,0.4339622641509434,0.0,0.7666666666666667
6,unseen_both,combined,LR,0.6421428571428571,0.5635775862068966,0.7,0.6
6,unseen_both,combined,RF,0.5828571428571429,0.4375,0.0,0.7777777777777778
6,unseen_both,combined,XGB,0.6214285714285714,0.5566502463054187,0.25,0.7222222222222222
6,unseen_both,combined_bc,LR,0.6600000000000001,0.18181818181818182,1.0,0.2222222222222222
6,unseen_both,combined_bc,RF,0.4178571428571428,0.4375,0.0,0.7777777777777778
6,unseen_both,combined_bc,XGB,0.5485714285714286,0.4375,0.0,0.7777777777777778
6,unseen_both,combined_ling,LR,0.6178571428571429,0.5635775862068966,0.7,0.6
6,unseen_both,combined_ling,RF,0.5571428571428572,0.4339622641509434,0.0,0.7666666666666667
6,unseen_both,combined_ling,XGB,0.47928571428571426,0.4990723562152134,0.15,0.7
6,unseen_both,combined_ling_bc,LR,0.6192857142857142,0.18181818181818182,1.0,0.2222222222222222
6,unseen_both,combined_ling_bc,RF,0.5292857142857144,0.4375,0.0,0.7777777777777778
6,unseen_both,combined_ling_bc,XGB,0.5264285714285715,0.4375,0.0,0.7777777777777778
7,unseen_reader,text_only,LR,0.6122510115157174,0.5193684389236298,0.5833333333333334,0.5749440715883669
7,unseen_reader,text_only,RF,0.6350529100529101,0.5576663469937511,0.5277777777777778,0.6375838926174496
7,unseen_reader,text_only,XGB,0.6329014939309057,0.556762181244736,0.5611111111111111,0.6286353467561522
7,unseen_reader,majority,majority,0.5,0.44402985074626866,0.0,0.7986577181208053
7,unseen_reader,random,random,0.507609710550887,0.5074882677004693,0.18888888888888888,0.697986577181208
7,unseen_reader,early,LR,0.5239417989417989,0.4902331804281346,0.3388888888888889,0.5995525727069351
7,unseen_reader,early,RF,0.5182695300342359,0.44333748443337484,0.0,0.796420581655481
7,unseen_reader,early,XGB,0.49806255835667607,0.4981263692501626,0.17777777777777778,0.6901565995525727
7,unseen_reader,early_bc,LR,0.5527077497665733,0.16759776536312848,1.0,0.20134228187919462
7,unseen_reader,early_bc,RF,0.5000038904450669,0.44402985074626866,0.0,0.7986577181208053
7,unseen_reader,early_bc,XGB,0.5627567693744164,0.16915256225601052,1.0,0.20246085011185683
7,unseen_reader,late,LR,0.5091192032368503,0.46645290768771686,0.40555555555555556,0.5436241610738255
7,unseen_reader,late,RF,0.5257858699035168,0.44402985074626866,0.0,0.7986577181208053
7,unseen_reader,late,XGB,0.48545751633986933,0.5071500167056465,0.17777777777777778,0.7046979865771812
7,unseen_reader,late_bc,LR,0.5380252100840336,0.556196868965419,0.19444444444444445,0.7662192393736018
7,unseen_reader,late_bc,RF,0.41569405539993776,0.44402985074626866,0.0,0.7986577181208053
7,unseen_reader,late_bc,XGB,0.4521280734516029,0.4483702213279678,0.016666666666666666,0.7684563758389261
7,unseen_reader,combined,LR,0.5175381263616559,0.49138977230021497,0.43333333333333335,0.5715883668903803
7,unseen_reader,combined,RF,0.5508208839091192,0.44402985074626866,0.0,0.7986577181208053
7,unseen_reader,combined,XGB,0.5364145658263305,0.5020197811752771,0.1388888888888889,0.7248322147651006
7,unseen_reader,combined_bc,LR,0.5373482726423904,0.16759776536312848,1.0,0.20134228187919462
7,unseen_reader,combined_bc,RF,0.4924291938997822,0.44402985074626866,0.0,0.7986577181208053
7,unseen_reader,combined_bc,XGB,0.4902816682228447,0.48910624739301484,0.21666666666666667,0.6521252796420581
7,unseen_reader,combined_ling,LR,0.577303143479614,0.5236937886116565,0.4888888888888889,0.6017897091722595
7,unseen_reader,combined_ling,RF,0.5483543417366947,0.44402985074626866,0.0,0.7986577181208053
7,unseen_reader,combined_ling,XGB,0.5631886087768441,0.5288590604026846,0.17777777777777778,0.738255033557047
7,unseen_reader,combined_ling_bc,LR,0.5771630874572051,0.16759776536312848,1.0,0.20134228187919462
7,unseen_reader,combined_ling_bc,RF,0.4735488639900405,0.44402985074626866,0.0,0.7986577181208053
7,unseen_reader,combined_ling_bc,XGB,0.5684251478369126,0.5165457197810877,0.25555555555555554,0.674496644295302
7,unseen_text,text_only,LR,0.5986527158972416,0.5241320829758441,0.4090909090909091,0.613960113960114
7,unseen_text,text_only,RF,0.5485887287894587,0.5139027209551896,0.2922077922077922,0.6424501424501424
7,unseen_text,text_only,XGB,0.5642300218030146,0.5495187165775401,0.512987012987013,0.6196581196581197
7,unseen_text,majority,majority,0.5,0.4384,0.0,0.7806267806267806
7,unseen_text,random,random,0.5024054412740544,0.501247311827957,0.18181818181818182,0.6823361823361823
7,unseen_text,early,LR,0.5484643094132146,0.5193860527193861,0.4155844155844156,0.6054131054131054
7,unseen_text,early,RF,0.5280417575125604,0.4375,0.0,0.7777777777777778
7,unseen_text,early,XGB,0.5288060479666319,0.5257765490323629,0.22727272727272727,0.6923076923076923
7,unseen_text,early_bc,LR,0.502500236989288,0.4699459300246155,0.4025974025974026,0.5398860398860399
7,unseen_text,early_bc,RF,0.4969961607735331,0.4384,0.0,0.7806267806267806
7,unseen_text,early_bc,XGB,0.45850910038866244,0.4579567655795319,0.2012987012987013,0.5997150997150997
7,unseen_text,late,LR,0.5076903023983317,0.45904688105385505,0.5714285714285714,0.49002849002849
7,unseen_text,late,RF,0.5108837330552659,0.44471153846153844,0.006493506493506494,0.7806267806267806
7,unseen_text,late,XGB,0.4951891174518912,0.5021403836078562,0.18181818181818182,0.6837606837606838
7,unseen_text,late_bc,LR,0.5039340221821973,0.46794871794871795,0.44155844155844154,0.5270655270655271
7,unseen_text,late_bc,RF,0.5289363920750783,0.4384,0.0,0.7806267806267806
7,unseen_text,late_bc,XGB,0.5380782538629254,0.5182114384748701,0.16883116883116883,0.717948717948718
7,unseen_text,combined,LR,0.5487486965589156,0.4894861439910876,0.5584415584415584,0.5313390313390314
7,unseen_text,combined,RF,0.5233612190728979,0.4384,0.0,0.7806267806267806
7,unseen_text,combined,XGB,0.523248649161058,0.538399285124176,0.2077922077922078,0.7222222222222222
7,unseen_text,combined_bc,LR,0.4995023224950232,0.4489323385644456,0.487012987012987,0.49145299145299143
7,unseen_text,combined_bc,RF,0.5358209308939236,0.4384,0.0,0.7806267806267806
7,unseen_text,combined_bc,XGB,0.491320267323917,0.5260416666666667,0.18181818181818182,0.7207977207977208
7,unseen_text,combined_ling,LR,0.5788700350744147,0.5128540305010894,0.512987012987013,0.5712250712250713
7,unseen_text,combined_ling,RF,0.5779576263152906,0.4452026137038663,0.006493506493506494,0.782051282051282
7,unseen_text,combined_ling,XGB,0.5524931273106455,0.5376943529784649,0.18831168831168832,0.7336182336182336
7,unseen_text,combined_ling_bc,LR,0.5360934685752203,0.49565775323748157,0.5194805194805194,0.5470085470085471
7,unseen_text,combined_ling_bc,RF,0.5470897715423264,0.4384,0.0,0.7806267806267806
7,unseen_text,combined_ling_bc,XGB,0.526092520618068,0.5051649118145282,0.12987012987012986,0.7279202279202279
7,unseen_both,text_only,LR,0.5620370370370371,0.45345345345345345,0.2777777777777778,0.5512820512820513
7,unseen_both,text_only,RF,0.7074074074074075,0.5864262990455992,0.4444444444444444,0.6794871794871795
7,unseen_both,text_only,XGB,0.7712962962962963,0.6802654694514934,0.7222222222222222,0.7307692307692307
7,unseen_both,majority,majority,0.5,0.43478260869565216,0.0,0.7692307692307693
7,unseen_both,random,random,0.5722222222222222,0.5772903225806452,0.2777777777777778,0.7307692307692307
7,unseen_both,early,LR,0.5287037037037037,0.5216897569838747,0.2777777777777778,0.6538461538461539
7,unseen_both,early,RF,0.3555555555555555,0.43478260869565216,0.0,0.7692307692307693
7,unseen_both,early,XGB,0.46759259259259256,0.40458015267175573,0.0,0.6794871794871795
7,unseen_both,early_bc,LR,0.47870370370370363,0.1875,1.0,0.23076923076923078
7,unseen_both,early_bc,RF,0.5847222222222221,0.43478260869565216,0.0,0.7692307692307693
7,unseen_both,early_bc,XGB,0.49629629629629635,0.1875,1.0,0.23076923076923078
7,unseen_both,late,LR,0.36666666666666664,0.42824074074074076,0.2777777777777778,0.5128205128205128
7,unseen_both,late,RF,0.4222222222222223,0.43478260869565216,0.0,0.7692307692307693
7,unseen_both,late,XGB,0.4703703703703704,0.4889112903225806,0.16666666666666666,0.6666666666666666
7,unseen_both,late_bc,LR,0.3435185185185185,0.40458015267175573,0.0,0.6794871794871795
7,unseen_both,late_bc,RF,0.31342592592592594,0.43478260869565216,0.0,0.7692307692307693
7,unseen_both,late_bc,XGB,0.41018518518518526,0.4306569343065693,0.0,0.7564102564102564
7,unseen_both,combined,LR,0.4388888888888889,0.5185185185185185,0.4444444444444444,0.5897435897435898
7,unseen_both,combined,RF,0.4388888888888889,0.43478260869565216,0.0,0.7692307692307693
7,unseen_both,combined,XGB,0.37129629629629635,0.38095238095238093,0.0,0.6153846153846154
7,unseen_both,combined_bc,LR,0.362962962962963,0.1875,1.0,0.23076923076923078
7,unseen_both,combined_bc,RF,0.5347222222222223,0.43478260869565216,0.0,0.7692307692307693
7,unseen_both,combined_bc,XGB,0.5078703703703704,0.4956896551724138,0.2777777777777778,0.6153846153846154
7,unseen_both,combined_ling,LR,0.4629629629629629,0.47588932806324113,0.3333333333333333,0.5641025641025641
7,unseen_both,combined_ling,RF,0.5226851851851851,0.43478260869565216,0.0,0.7692307692307693
7,unseen_both,combined_ling,XGB,0.6805555555555556,0.5297157622739018,0.16666666666666666,0.7307692307692307
7,unseen_both,combined_ling_bc,LR,0.44629629629629625,0.1875,1.0,0.23076923076923078
7,unseen_both,combined_ling_bc,RF,0.4393518518518518,0.43478260869565216,0.0,0.7692307692307693
7,unseen_both,combined_ling_bc,XGB,0.65,0.5395513577331759,0.2777777777777778,0.6794871794871795
8,unseen_reader,text_only,LR,0.5763916205652687,0.4947439408907792,0.5443786982248521,0.5547945205479452
8,unseen_reader,text_only,RF,0.6258296159286258,0.5435537411432421,0.4911242603550296,0.6335616438356164
8,unseen_reader,text_only,XGB,0.6260555894980876,0.5355744574298226,0.5502958579881657,0.6084474885844748
8,unseen_reader,majority,majority,0.5,0.44662034112444726,0.0,0.8070776255707762
8,unseen_reader,random,random,0.5091017132144322,0.5091690917777875,0.1893491124260355,0.7054794520547946
8,unseen_reader,early,LR,0.5637454700668714,0.5086521539982161,0.4319526627218935,0.6015981735159818
8,unseen_reader,early,RF,0.5857820777851243,0.44662034112444726,0.0,0.8070776255707762
8,unseen_reader,early,XGB,0.5727593046709574,0.540496529350425,0.25443786982248523,0.7157534246575342
8,unseen_reader,early_bc,LR,0.5978340014897517,0.5595400728597449,0.22485207100591717,0.7579908675799086
8,unseen_reader,early_bc,RF,0.44972088079475747,0.44662034112444726,0.0,0.8070776255707762
8,unseen_reader,early_bc,XGB,0.46211176485357747,0.2359570664249603,0.8816568047337278,0.24315068493150685
8,unseen_reader,late,LR,0.5248612773365249,0.4573786142935079,0.5562130177514792,0.502283105022831
8,unseen_reader,late,RF,0.5032891708443878,0.44662034112444726,0.0,0.8070776255707762
8,unseen_reader,late,XGB,0.49086480921972164,0.4942990503782392,0.17159763313609466,0.6929223744292238
8,unseen_reader,late_bc,LR,0.564364805035026,0.5735014914393719,0.30177514792899407,0.7385844748858448
8,unseen_reader,late_bc,RF,0.5132445619878979,0.44662034112444726,0.0,0.8070776255707762
8,unseen_reader,late_bc,XGB,0.5006360737510775,0.48640251712902866,0.3076923076923077,0.610730593607306
8,unseen_reader,combined,LR,0.5546814191140162,0.4912409624274031,0.5325443786982249,0.5525114155251142
8,unseen_reader,combined,RF,0.5244302536762553,0.44662034112444726,0.0,0.8070776255707762
8,unseen_reader,combined,XGB,0.5271628599884502,0.4963906602169212,0.1301775147928994,0.7271689497716894
8,unseen_reader,combined_bc,LR,0.5737217846890352,0.5769901091215879,0.1893491124260355,0.8013698630136986
8,unseen_reader,combined_bc,RF,0.4915929462768762,0.44662034112444726,0.0,0.8070776255707762
8,unseen_reader,combined_bc,XGB,0.5064360620339295,0.49285552572851643,0.3905325443786982,0.591324200913242
8,unseen_reader,combined_ling,LR,0.5890461404551275,0.496904273137728,0.5207100591715976,0.5627853881278538
8,unseen_reader,combined_ling,RF,0.5799402425449646,0.44662034112444726,0.0,0.8070776255707762
8,unseen_reader,combined_ling,XGB,0.5465128930475465,0.547945205479452,0.21301775147928995,0.7488584474885844
8,unseen_reader,combined_ling_bc,LR,0.6001523229246002,0.45278500780843306,0.005917159763313609,0.8082191780821918
8,unseen_reader,combined_ling_bc,RF,0.5052225002720052,0.44662034112444726,0.0,0.8070776255707762
8,unseen_reader,combined_ling_bc,XGB,0.5014897516801553,0.48582911149116004,0.1301775147928994,0.708904109589041
8,unseen_text,text_only,LR,0.4933758984328973,0.4408998503228112,0.5555555555555556,0.4623406720741599
8,unseen_text,text_only,RF,0.505482649935195,0.45988898806775624,0.4492753623188406,0.5052143684820394
8,unseen_text,text_only,XGB,0.5037226051608342,0.48366122604383954,0.48792270531400966,0.5283893395133256
8,unseen_text,majority,majority,0.5,0.4318630678077683,0.0,0.7601390498261877
8,unseen_text,random,random,0.508837044892188,0.5065993661994838,0.18840579710144928,0.6755504055619931
8,unseen_text,early,LR,0.5219232355367032,0.4943849370513652,0.4782608695652174,0.544611819235226
8,unseen_text,early,RF,0.5119926063391069,0.44116184130261366,0.00966183574879227,0.7601390498261877
8,unseen_text,early,XGB,0.5124160480735243,0.5122570311922722,0.20772946859903382,0.6720741599073001
8,unseen_text,early_bc,LR,0.5245007069635914,0.5008675534991325,0.34299516908212563,0.5921205098493627
8,unseen_text,early_bc,RF,0.4855403852951573,0.43111404087013844,0.0,0.7578215527230591
8,unseen_text,early_bc,XGB,0.4954636502886768,0.4711136655192999,0.3333333333333333,0.5527230590961761
8,unseen_text,late,LR,0.5517556262519148,0.49716708189343406,0.5748792270531401,0.52954808806489
8,unseen_text,late,RF,0.49953237304112175,0.43111404087013844,0.0,0.7578215527230591
8,unseen_text,late,XGB,0.4799030870743489,0.47743006785649633,0.14009661835748793,0.6628041714947857
8,unseen_text,late_bc,LR,0.53226994226464,0.518652362715472,0.4492753623188406,0.5840092699884125
8,unseen_text,late_bc,RF,0.5123019029103334,0.4318630678077683,0.0,0.7601390498261877
8,unseen_text,late_bc,XGB,0.5012629609991752,0.502538027393489,0.15942028985507245,0.6894553881807648
8,unseen_text,combined,LR,0.5793272063155414,0.5160582563179965,0.5990338164251208,0.5492468134414832
8,unseen_text,combined,RF,0.48783801696712625,0.4318630678077683,0.0,0.7601390498261877
8,unseen_text,combined,XGB,0.49764345469541654,0.4776133302291549,0.11594202898550725,0.6836616454229433
8,unseen_text,combined_bc,LR,0.5404368445858372,0.5238475569441992,0.4492753623188406,0.5909617612977984
8,unseen_text,combined_bc,RF,0.5025332862024272,0.4318630678077683,0.0,0.7601390498261877
8,unseen_text,combined_bc,XGB,0.5018005478967833,0.4932154403328645,0.15942028985507245,0.6743916570104287
8,unseen_text,combined_ling,LR,0.5344276540591493,0.4573138975688673,0.6231884057971014,0.473928157589803
8,unseen_text,combined_ling,RF,0.5127953045834807,0.43148880105401843,0.0,0.7589803012746235
8,unseen_text,combined_ling,XGB,0.4924222340049488,0.4784697505300453,0.15458937198067632,0.6535341830822712
8,unseen_text,combined_ling_bc,LR,0.5158772239896312,0.5054267575303344,0.3864734299516908,0.5840092699884125
8,unseen_text,combined_ling_bc,RF,0.48861494049723103,0.4318630678077683,0.0,0.7601390498261877
8,unseen_text,combined_ling_bc,XGB,0.48291136443973137,0.46982874636586847,0.13526570048309178,0.6535341830822712
8,unseen_both,text_only,LR,0.5126452494873548,0.4301012687696426,0.5263157894736842,0.46875
8,unseen_both,text_only,RF,0.4736842105263158,0.4521091811414392,0.42105263157894735,0.5208333333333334
8,unseen_both,text_only,XGB,0.4087491455912508,0.39971139971139974,0.3684210526315789,0.4583333333333333
8,unseen_both,majority,majority,0.5,0.44508670520231214,0.0,0.8020833333333334
8,unseen_both,random,random,0.43540669856459335,0.42814594192107225,0.05263157894736842,0.6666666666666666
8,unseen_both,early,LR,0.6056049213943953,0.5718108831400535,0.631578947368421,0.6354166666666666
8,unseen_both,early,RF,0.3961038961038961,0.44508670520231214,0.0,0.8020833333333334
8,unseen_both,early,XGB,0.5850991114149009,0.5711094564408041,0.2631578947368421,0.75
8,unseen_both,early_bc,LR,0.5946684894053315,0.55,0.21052631578947367,0.75
8,unseen_both,early_bc,RF,0.5977443609022556,0.44508670520231214,0.0,0.8020833333333334
8,unseen_both,early_bc,XGB,0.5943267259056733,0.38481590094493323,0.8947368421052632,0.3854166666666667
8,unseen_both,late,LR,0.43062200956937796,0.4079696394686907,0.42105263157894735,0.4583333333333333
8,unseen_both,late,RF,0.3069036226930964,0.44508670520231214,0.0,0.8020833333333334
8,unseen_both,late,XGB,0.355434039644566,0.44219595271488676,0.05263157894736842,0.6979166666666666
8,unseen_both,late_bc,LR,0.5693779904306221,0.4694110920526015,0.10526315789473684,0.6979166666666666
8,unseen_both,late_bc,RF,0.6507177033492823,0.44508670520231214,0.0,0.8020833333333334
8,unseen_both,late_bc,XGB,0.6319207108680793,0.5501133786848073,0.3684210526315789,0.6770833333333334
8,unseen_both,combined,LR,0.534518113465482,0.4353647853835565,0.3684210526315789,0.5104166666666666
8,unseen_both,combined,RF,0.4829118250170882,0.44508670520231214,0.0,0.8020833333333334
8,unseen_both,combined,XGB,0.3444976076555024,0.42814594192107225,0.05263157894736842,0.6666666666666666
8,unseen_both,combined_bc,LR,0.5550239234449761,0.5106580166821131,0.10526315789473684,0.7708333333333334
8,unseen_both,combined_bc,RF,0.596719070403281,0.44508670520231214,0.0,0.8020833333333334
8,unseen_both,combined_bc,XGB,0.507177033492823,0.4776376907763769,0.3684210526315789,0.5729166666666666
8,unseen_both,combined_ling,LR,0.49419002050580996,0.4747992084739844,0.631578947368421,0.5104166666666666
8,unseen_both,combined_ling,RF,0.49213943950786054,0.44508670520231214,0.0,0.8020833333333334
8,unseen_both,combined_ling,XGB,0.4039644565960356,0.45299145299145294,0.10526315789473684,0.6666666666666666
8,unseen_both,combined_ling_bc,LR,0.5980861244019139,0.44508670520231214,0.0,0.8020833333333334
8,unseen_both,combined_ling_bc,RF,0.7173615857826385,0.44508670520231214,0.0,0.8020833333333334
8,unseen_both,combined_ling_bc,XGB,0.40772385509227616,0.44760244115082826,0.10526315789473684,0.65625
9,unseen_reader,text_only,LR,0.5565058186195826,0.47035405071119357,0.5071428571428571,0.5469483568075117
9,unseen_reader,text_only,RF,0.6406300160513645,0.5252987581035695,0.5142857142857142,0.6232394366197183
9,unseen_reader,text_only,XGB,0.6402839085072232,0.500489111352446,0.5571428571428572,0.5786384976525821
9,unseen_reader,majority,majority,0.5,0.45524296675191817,0.0,0.8356807511737089
9,unseen_reader,random,random,0.5067215088282504,0.5049048768555502,0.21428571428571427,0.7030516431924883
9,unseen_reader,early,LR,0.5695926966292135,0.5122011129192185,0.42857142857142855,0.6279342723004695
9,unseen_reader,early,RF,0.5276835874799357,0.45384615384615384,0.0,0.8309859154929577
9,unseen_reader,early,XGB,0.4712780898876405,0.4823780497373689,0.18571428571428572,0.681924882629108
9,unseen_reader,early_bc,LR,0.5151384430176565,0.14112903225806453,1.0,0.1643192488262911
9,unseen_reader,early_bc,RF,0.5233246388443017,0.45524296675191817,0.0,0.8356807511737089
9,unseen_reader,early_bc,XGB,0.530949036918138,0.35390524427561465,0.6785714285714286,0.3673708920187793
9,unseen_reader,late,LR,0.49761235955056177,0.4152542753030505,0.55,0.4612676056338028
9,unseen_reader,late,RF,0.4793890449438202,0.45524296675191817,0.0,0.8356807511737089
9,unseen_reader,late,XGB,0.4841292134831461,0.4922740254441601,0.15714285714285714,0.7171361502347418
9,unseen_reader,late_bc,LR,0.5051364365971107,0.4510231059676564,0.4928571428571429,0.5223004694835681
9,unseen_reader,late_bc,RF,0.5460172552166934,0.45524296675191817,0.0,0.8356807511737089
9,unseen_reader,late_bc,XGB,0.5548304574638845,0.49103942652329746,0.08571428571428572,0.7746478873239436
9,unseen_reader,combined,LR,0.5364065008025682,0.4400024343486596,0.5642857142857143,0.49295774647887325
9,unseen_reader,combined,RF,0.49232544141252005,0.45524296675191817,0.0,0.8356807511737089
9,unseen_reader,combined,XGB,0.47450842696629214,0.5024621212121212,0.15,0.7394366197183099
9,unseen_reader,combined_bc,LR,0.5455959069020866,0.14728699703707054,1.0,0.16901408450704225
9,unseen_reader,combined_bc,RF,0.5239265650080257,0.45524296675191817,0.0,0.8356807511737089
9,unseen_reader,combined_bc,XGB,0.48473113964687,0.4947165050878477,0.2714285714285714,0.6584507042253521
9,unseen_reader,combined_ling,LR,0.5618980738362761,0.4508264252028386,0.55,0.5105633802816901
9,unseen_reader,combined_ling,RF,0.5437249197431782,0.45489443378119004,0.0,0.8345070422535211
9,unseen_reader,combined_ling,XGB,0.5640349117174961,0.5193369746432267,0.19285714285714287,0.7382629107981221
9,unseen_reader,combined_ling_bc,LR,0.5714686998394864,0.494574375935113,0.42857142857142855,0.602112676056338
9,unseen_reader,combined_ling_bc,RF,0.5277387640449438,0.45524296675191817,0.0,0.8356807511737089
9,unseen_reader,combined_ling_bc,XGB,0.5577548154093098,0.5181768305549694,0.29285714285714287,0.6854460093896714
9,unseen_text,text_only,LR,0.6235829178537512,0.5078914430503404,0.5069444444444444,0.6268518518518519
9,unseen_text,text_only,RF,0.552795584045584,0.5312470935459669,0.2708333333333333,0.7407407407407407
9,unseen_text,text_only,XGB,0.5439666429249763,0.531288955372725,0.3888888888888889,0.6953703703703704
9,unseen_text,majority,majority,0.5,0.4642857142857143,0.0,0.8666666666666667
9,unseen_text,random,random,0.5283119658119658,0.5194005903556762,0.25,0.7324074074074074
9,unseen_text,early,LR,0.5286606718898386,0.46316565618046135,0.4166666666666667,0.5824074074074074
9,unseen_text,early,RF,0.5133547008547008,0.4698507462686567,0.006944444444444444,0.8629629629629629
9,unseen_text,early,XGB,0.5121750356125356,0.4737296506310591,0.18055555555555555,0.6916666666666667
9,unseen_text,early_bc,LR,0.5404795821462488,0.3373071528751753,0.7638888888888888,0.35185185185185186
9,unseen_text,early_bc,RF,0.48888963081671416,0.4637537239324727,0.0,0.8648148148148148
9,unseen_text,early_bc,XGB,0.48680110398860393,0.45138677232551055,0.3958333333333333,0.5694444444444444
9,unseen_text,late,LR,0.4774231362773029,0.406557176872825,0.4236111111111111,0.49166666666666664
9,unseen_text,late,RF,0.5181141678537512,0.4701624287893098,0.006944444444444444,0.8638888888888889
9,unseen_text,late,XGB,0.5399824905033238,0.516563007140869,0.2152777777777778,0.7453703703703703
9,unseen_text,late_bc,LR,0.4755460588793923,0.4260168906818083,0.375,0.5342592592592592
9,unseen_text,late_bc,RF,0.5190860933048433,0.47141268075639603,0.006944444444444444,0.8675925925925926
9,unseen_text,late_bc,XGB,0.4929331374643875,0.4917912788873784,0.09722222222222222,0.7833333333333333
9,unseen_text,combined,LR,0.502426103988604,0.4195286047007414,0.4652777777777778,0.5027777777777778
9,unseen_text,combined,RF,0.5220463853276354,0.4637537239324727,0.0,0.8648148148148148
9,unseen_text,combined,XGB,0.5504585113960113,0.5184969552013343,0.1875,0.7638888888888888
9,unseen_text,combined_bc,LR,0.5096005460588794,0.34774222213550837,0.7013888888888888,0.36944444444444446
9,unseen_text,combined_bc,RF,0.5209372032288699,0.4642857142857143,0.0,0.8666666666666667
9,unseen_text,combined_bc,XGB,0.49635342473884136,0.49708469151510776,0.1736111111111111,0.737037037037037
9,unseen_text,combined_ling,LR,0.6042260208926875,0.5168037558195147,0.4652777777777778,0.6509259259259259
9,unseen_text,combined_ling,RF,0.5944103157644823,0.4640198511166253,0.0,0.8657407407407407
9,unseen_text,combined_ling,XGB,0.5945141856600189,0.5428884558683709,0.1736111111111111,0.8083333333333333
9,unseen_text,combined_ling_bc,LR,0.6032021604938271,0.5385410271209036,0.4097222222222222,0.6990740740740741
9,unseen_text,combined_ling_bc,RF,0.5549991096866096,0.4642857142857143,0.0,0.8666666666666667
9,unseen_text,combined_ling_bc,XGB,0.5473646723646723,0.5340553825518176,0.1597222222222222,0.8046296296296296
9,unseen_both,text_only,LR,0.659041394335512,0.5803066989507668,0.6666666666666666,0.675
9,unseen_both,text_only,RF,0.6410675381263616,0.5547309833024119,0.3333333333333333,0.7333333333333333
9,unseen_both,text_only,XGB,0.6868191721132897,0.614067849361967,0.5555555555555556,0.7416666666666667
9,unseen_both,majority,majority,0.5,0.4594594594594595,0.0,0.85
9,unseen_both,random,random,0.4248366013071895,0.43000000000000005,0.05555555555555555,0.6833333333333333
9,unseen_both,early,LR,0.4787581699346405,0.46928746928746934,0.2777777777777778,0.625
9,unseen_both,early,RF,0.4907407407407407,0.4594594594594595,0.0,0.85
9,unseen_both,early,XGB,0.5375816993464052,0.53125,0.3333333333333333,0.7
9,unseen_both,early_bc,LR,0.41721132897603486,0.13043478260869565,1.0,0.15
9,unseen_both,early_bc,RF,0.5637254901960785,0.4594594594594595,0.0,0.85
9,unseen_both,early_bc,XGB,0.5528322440087146,0.4129979035639413,0.5,0.475
9,unseen_both,late,LR,0.50599128540305,0.4,0.4444444444444444,0.4666666666666667
9,unseen_both,late,RF,0.40876906318082795,0.45701357466063347,0.0,0.8416666666666667
9,unseen_both,late,XGB,0.48692810457516345,0.4815331010452962,0.1111111111111111,0.7416666666666667
9,unseen_both,late_bc,LR,0.5,0.4299524960413368,0.3888888888888889,0.525
9,unseen_both,late_bc,RF,0.5362200435729847,0.4594594594594595,0.0,0.85
9,unseen_both,late_bc,XGB,0.4877450980392157,0.4470046082949309,0.0,0.8083333333333333
9,unseen_both,combined,LR,0.5588235294117647,0.4529469228264409,0.5,0.5333333333333333
9,unseen_both,combined,RF,0.49373638344226584,0.4594594594594595,0.0,0.85
9,unseen_both,combined,XGB,0.49891067538126366,0.5149825783972125,0.16666666666666666,0.7583333333333333
9,unseen_both,combined_bc,LR,0.46132897603485834,0.14109559917794628,1.0,0.15833333333333333
9,unseen_both,combined_bc,RF,0.5100762527233115,0.4594594594594595,0.0,0.85
9,unseen_both,combined_bc,XGB,0.52260348583878,0.4951923076923077,0.1111111111111111,0.7666666666666667
9,unseen_both,combined_ling,LR,0.633442265795207,0.551337359792925,0.5,0.675
9,unseen_both,combined_ling,RF,0.7004357298474946,0.4594594594594595,0.0,0.85
9,unseen_both,combined_ling,XGB,0.5473856209150327,0.5673076923076923,0.2222222222222222,0.8
9,unseen_both,combined_ling_bc,LR,0.6138344226579522,0.5547309833024119,0.3333333333333333,0.7333333333333333
9,unseen_both,combined_ling_bc,RF,0.4912854030501089,0.4594594594594595,0.0,0.85
9,unseen_both,combined_ling_bc,XGB,0.5686274509803921,0.47277326587671414,0.1111111111111111,0.725
